n_of_job,n_of_family,problem,iteration,seed1,seed2,OBRKGA_P1_time,OBRKGA_P1_bin,OBRKGA_P1_fitness,OBRKGA_P2_time,OBRKGA_P2_fitness,OBRKGA_CP_time,OBRKGA_CP_fitness
30,3,0,0,42,42,2.5019,11,144,0.7195,123,1.9645,121
30,3,0,1,42,43,3.1098,11,144,0.749,123,2.1064,121
30,3,0,2,42,44,2.3833,11,144,0.7683,123,1.7988,121
30,3,0,3,42,45,1.9433,11,144,0.8103,123,2.0823,121
30,3,0,4,42,46,2.4845,11,144,0.7798,123,1.7065,121
30,3,0,5,42,47,2.4787,11,144,0.8566,123,2.2177,121
30,3,0,6,42,48,2.5009,11,144,0.7798,123,1.8622,121
30,3,0,7,42,49,2.4767,11,144,0.7626,123,1.9542,121
30,3,0,8,42,50,2.6074,11,144,0.8291,123,1.8378,121
30,3,0,9,42,51,2.2969,11,144,0.7986,123,2.0925,121
30,3,1,0,43,42,2.2371,10,27,0.6899,51,0.6806,47
30,3,1,1,43,43,2.3087,10,27,0.7536,55,0.7377,52
30,3,1,2,43,44,1.9844,10,27,0.8176,51,0.8581,47
30,3,1,3,43,45,1.9672,10,27,0.769,57,0.8359,53
30,3,1,4,43,46,2.7599,10,27,1.0473,55,0.7262,52
30,3,1,5,43,47,2.312,10,27,0.6874,57,0.8027,53
30,3,1,6,43,48,2.2556,10,27,0.6745,57,0.7088,53
30,3,1,7,43,49,2.4039,10,27,0.7227,57,0.7411,53
30,3,1,8,43,50,2.3747,10,27,0.8169,51,0.7482,47
30,3,1,9,43,51,2.6941,10,27,0.7589,51,0.8258,47
30,3,2,0,44,42,2.3755,14,60,1.0352,91,6.0049,91
30,3,2,1,44,43,2.3713,14,60,0.9223,91,5.3072,91
30,3,2,2,44,44,2.3704,14,60,0.8918,98,2.4723,97
30,3,2,3,44,45,2.1377,14,60,0.8946,98,2.1752,97
30,3,2,4,44,46,2.3479,14,60,0.9102,98,2.0897,97
30,3,2,5,44,47,2.2045,14,60,0.9915,91,6.4959,91
30,3,2,6,44,48,2.2012,14,60,0.84,98,3.5113,97
30,3,2,7,44,49,2.3966,14,60,0.9191,98,2.6218,97
30,3,2,8,44,50,2.4289,14,60,0.8305,91,5.9284,91
30,3,2,9,44,51,2.6948,14,60,0.8467,98,2.5829,97
30,3,3,0,45,42,3.3856,12,112,0.8519,142,10.0759,142
30,3,3,1,45,43,4.4042,12,112,0.8732,151,10.0796,151
30,3,3,2,45,44,3.6921,12,112,0.9187,142,10.0808,142
30,3,3,3,45,45,4.3617,12,112,0.7496,151,10.0717,151
30,3,3,4,45,46,4.1618,12,112,0.8658,142,10.0562,142
30,3,3,5,45,47,3.3922,12,112,0.8174,151,10.0802,151
30,3,3,6,45,48,3.704,12,112,0.9033,142,10.0753,142
30,3,3,7,45,49,3.6727,12,112,0.9321,151,10.0461,151
30,3,3,8,45,50,2.8616,12,112,0.792,151,10.0813,151
30,3,3,9,45,51,3.7295,12,112,0.9097,142,10.0528,142
30,3,4,0,46,42,2.2493,8,127,0.6093,97,0.5869,87
30,3,4,1,46,43,2.4275,8,127,0.6221,100,0.6334,87
30,3,4,2,46,44,2.3882,8,127,0.6209,100,0.6241,87
30,3,4,3,46,45,1.8418,8,127,0.5973,92,0.558,87
30,3,4,4,46,46,2.0724,8,127,0.6103,92,0.5837,87
30,3,4,5,46,47,2.1417,8,127,0.5945,100,0.6076,87
30,3,4,6,46,48,1.8216,8,128,0.5896,95,0.546,89
30,3,4,7,46,49,2.1183,8,127,0.6037,100,0.6133,87
30,3,4,8,46,50,2.4131,8,127,0.5951,100,0.6259,87
30,3,4,9,46,51,2.201,8,127,0.6021,100,0.6131,87
30,6,0,0,42,42,2.2596,12,68,0.8388,75,4.537,75
30,6,0,1,42,43,2.0892,12,68,0.8113,75,4.4714,75
30,6,0,2,42,44,2.227,12,68,0.8708,75,4.6215,75
30,6,0,3,42,45,1.9978,12,68,0.7922,75,4.9664,75
30,6,0,4,42,46,2.0545,12,68,0.8975,75,4.9636,75
30,6,0,5,42,47,2.2793,12,68,0.853,75,5.2233,75
30,6,0,6,42,48,2.1875,12,68,0.8142,75,5.191,75
30,6,0,7,42,49,2.0712,12,68,0.8226,75,4.6166,75
30,6,0,8,42,50,2.0278,12,68,0.7674,75,5.0389,75
30,6,0,9,42,51,2.107,12,68,0.8826,75,5.6426,75
30,6,1,0,43,42,2.2349,12,66,0.8317,71,1.8803,67
30,6,1,1,43,43,2.1364,12,66,0.8904,71,1.9863,67
30,6,1,2,43,44,2.1082,12,66,0.8139,71,2.0109,67
30,6,1,3,43,45,2.0248,12,66,0.7928,71,2.0109,67
30,6,1,4,43,46,2.3185,12,66,0.8883,71,2.1006,67
30,6,1,5,43,47,2.2487,12,66,0.8071,71,2.1187,67
30,6,1,6,43,48,2.5111,12,66,0.8811,71,2.0599,67
30,6,1,7,43,49,2.2784,12,66,0.8758,71,2.1245,67
30,6,1,8,43,50,2.297,12,66,0.8616,71,1.8615,67
30,6,1,9,43,51,2.1345,12,66,0.9002,71,2.2911,67
30,6,2,0,44,42,2.239,15,53,1.0342,119,10.0784,114
30,6,2,1,44,43,2.2527,15,53,1.0991,119,10.0703,112
30,6,2,2,44,44,2.3613,15,53,0.9515,119,10.0787,112
30,6,2,3,44,45,2.2822,15,53,1.0296,119,10.0809,112
30,6,2,4,44,46,2.2374,15,53,1.3772,121,10.0748,121
30,6,2,5,44,47,2.2562,15,53,1.0372,120,10.0816,112
30,6,2,6,44,48,2.4676,15,53,0.9939,119,10.0837,112
30,6,2,7,44,49,2.1322,15,53,1.6116,121,10.085,121
30,6,2,8,44,50,2.1618,15,53,1.076,119,10.0783,112
30,6,2,9,44,51,2.168,15,53,1.065,119,10.0695,112
30,6,3,0,45,42,2.1742,15,67,1.2337,94,10.073,91
30,6,3,1,45,43,2.1968,15,67,1.0482,94,10.0877,91
30,6,3,2,45,44,2.197,15,67,1.1647,94,10.0794,91
30,6,3,3,45,45,2.1554,15,67,1.0708,94,10.0747,92
30,6,3,4,45,46,2.2856,15,67,1.0921,94,10.0686,92
30,6,3,5,45,47,2.2838,15,67,1.1193,94,10.0747,92
30,6,3,6,45,48,2.2323,15,67,1.147,94,10.0812,91
30,6,3,7,45,49,2.3941,15,67,1.1484,94,10.0787,92
30,6,3,8,45,50,2.1729,15,67,1.1113,94,10.0654,92
30,6,3,9,45,51,2.3319,15,67,1.0989,94,10.0803,91
30,6,4,0,46,42,1.8536,10,120,0.7189,125,0.637,125
30,6,4,1,46,43,2.0131,10,120,0.7515,125,0.8559,125
30,6,4,2,46,44,1.8572,10,120,0.7236,125,0.7811,125
30,6,4,3,46,45,1.8773,10,120,0.7459,125,0.7398,125
30,6,4,4,46,46,1.8822,10,120,0.7097,125,0.8327,125
30,6,4,5,46,47,1.9486,10,120,0.7484,125,0.8504,125
30,6,4,6,46,48,1.9174,10,120,0.7161,125,0.8591,125
30,6,4,7,46,49,1.8657,10,120,0.6897,125,0.7535,125
30,6,4,8,46,50,1.9066,10,120,0.7568,125,0.6334,125
30,6,4,9,46,51,1.8812,10,120,0.724,125,0.7317,125
60,3,0,0,42,42,18.4919,25,231,2.6592,480,10.0737,473
60,3,0,1,42,43,22.6935,25,231,2.9741,470,10.0754,474
60,3,0,2,42,44,20.5716,25,231,2.8892,473,10.0799,473
60,3,0,3,42,45,17.4354,25,231,3.2274,488,10.0829,473
60,3,0,4,42,46,17.8146,25,231,2.3392,483,10.0735,468
60,3,0,5,42,47,20.3872,25,231,2.3179,484,10.0852,471
60,3,0,6,42,48,18.9078,25,231,2.7421,481,10.078,472
60,3,0,7,42,49,14.9118,25,231,2.8215,474,10.0794,472
60,3,0,8,42,50,17.0703,25,231,1.9459,483,10.0791,472
60,3,0,9,42,51,18.0461,25,231,3.1837,472,10.0817,472
60,3,1,0,43,42,22.3983,21,194,2.7626,232,10.0843,225
60,3,1,1,43,43,24.6337,21,194,2.353,227,10.0809,215
60,3,1,2,43,44,24.5982,21,194,3.4233,227,10.0744,225
60,3,1,3,43,45,20.0418,21,197,2.264,225,10.0919,209
60,3,1,4,43,46,21.6568,21,197,3.0962,225,10.0821,209
60,3,1,5,43,47,32.9331,21,194,2.8883,219,10.0823,205
60,3,1,6,43,48,21.7188,21,196,2.9549,235,10.0796,227
60,3,1,7,43,49,22.5652,21,197,3.5373,219,10.0764,209
60,3,1,8,43,50,28.1874,21,196,2.7918,217,10.0839,201
60,3,1,9,43,51,18.5427,21,197,2.991,209,10.0742,197
60,3,2,0,44,42,24.7655,21,311,3.1571,360,10.0768,352
60,3,2,1,44,43,29.6807,21,311,1.9535,355,10.0828,352
60,3,2,2,44,44,31.4789,21,311,2.2251,365,10.0673,350
60,3,2,3,44,45,23.8478,21,319,2.0985,366,10.0841,353
60,3,2,4,44,46,20.198,21,319,1.9175,364,10.0783,353
60,3,2,5,44,47,21.9633,21,313,2.2262,367,10.0858,350
60,3,2,6,44,48,31.349,21,313,2.5828,368,10.0777,348
60,3,2,7,44,49,33.2935,21,311,2.1895,365,10.0883,350
60,3,2,8,44,50,21.2157,21,319,2.2531,360,10.081,353
60,3,2,9,44,51,22.0053,21,311,1.9952,360,10.0827,350
60,3,3,0,45,42,21.2415,26,558,2.4211,652,10.0867,643
60,3,3,1,45,43,26.7903,26,548,2.7865,630,10.0801,624
60,3,3,2,45,44,24.5866,26,567,4.0352,647,10.0767,648
60,3,3,3,45,45,26.7462,26,548,2.8235,620,10.0805,617
60,3,3,4,45,46,27.0332,26,546,2.7506,648,10.0759,643
60,3,3,5,45,47,20.7853,26,546,2.8846,650,10.0749,641
60,3,3,6,45,48,23.0778,26,546,2.9648,650,10.0703,645
60,3,3,7,45,49,23.8301,26,546,2.4626,648,10.0799,644
60,3,3,8,45,50,25.0491,26,554,2.7342,650,10.0715,644
60,3,3,9,45,51,24.4705,26,546,3.0203,643,10.0779,642
60,3,4,0,46,42,15.8604,19,265,1.4641,377,10.0854,376
60,3,4,1,46,43,16.0045,19,265,4.4787,375,10.0862,373
60,3,4,2,46,44,21.39,19,265,2.0035,379,10.0692,374
60,3,4,3,46,45,13.3173,19,265,1.8319,377,10.0628,374
60,3,4,4,46,46,12.6907,19,265,1.944,376,10.0688,376
60,3,4,5,46,47,15.2324,19,265,1.9991,377,10.0634,373
60,3,4,6,46,48,15.3672,19,265,2.9226,374,10.0751,374
60,3,4,7,46,49,15.0596,19,265,1.7673,377,10.079,373
60,3,4,8,46,50,14.9323,19,265,1.7428,379,10.067,376
60,3,4,9,46,51,14.6053,19,265,1.2711,382,10.0801,374
60,6,0,0,42,42,22.5012,25,388,2.9697,461,10.0713,436
60,6,0,1,42,43,15.7851,25,406,3.442,454,10.077,467
60,6,0,2,42,44,16.3397,25,406,2.5254,462,10.0803,442
60,6,0,3,42,45,16.5341,25,406,3.5301,464,10.0798,437
60,6,0,4,42,46,24.3063,25,388,2.829,456,10.0678,430
60,6,0,5,42,47,14.6721,25,406,4.0352,456,10.087,442
60,6,0,6,42,48,13.7062,25,406,3.0139,464,10.0695,439
60,6,0,7,42,49,20.9325,25,388,2.4777,466,10.0682,430
60,6,0,8,42,50,15.9084,25,406,3.5338,460,10.086,436
60,6,0,9,42,51,26.5956,25,388,3.0654,460,10.0898,441
60,6,1,0,43,42,17.5566,24,253,2.0098,306,10.0797,265
60,6,1,1,43,43,18.1729,24,253,3.0445,293,10.076,265
60,6,1,2,43,44,15.1203,24,253,2.9209,299,10.0656,267
60,6,1,3,43,45,15.1942,24,253,3.3254,301,10.079,266
60,6,1,4,43,46,16.1572,24,253,3.4709,298,10.0831,265
60,6,1,5,43,47,12.6704,24,253,2.6461,305,10.0835,268
60,6,1,6,43,48,12.6179,24,259,3.0268,313,10.0677,275
60,6,1,7,43,49,13.9704,24,255,2.4766,310,10.0797,268
60,6,1,8,43,50,16.9158,24,253,3.7401,296,10.0886,268
60,6,1,9,43,51,16.6113,24,253,2.9543,297,10.0747,265
60,6,2,0,44,42,19.2477,23,308,3.3258,412,10.0723,384
60,6,2,1,44,43,13.7598,23,309,3.5795,400,10.0747,385
60,6,2,2,44,44,18.52,23,308,2.8353,414,10.0822,402
60,6,2,3,44,45,18.4353,23,308,2.3996,402,10.0758,384
60,6,2,4,44,46,14.2934,23,309,3.5247,414,10.0757,400
60,6,2,5,44,47,11.5583,23,309,2.3655,389,10.0733,366
60,6,2,6,44,48,19.6768,23,308,2.6381,416,10.0804,386
60,6,2,7,44,49,14.863,23,309,4.0826,381,10.0832,366
60,6,2,8,44,50,15.7532,23,309,3.7817,377,10.0799,366
60,6,2,9,44,51,17.0711,23,308,2.8491,399,10.0833,384
60,6,3,0,45,42,16.5612,28,293,2.8361,432,10.0945,445
60,6,3,1,45,43,12.2002,28,295,3.9926,432,10.0821,443
60,6,3,2,45,44,14.3261,28,293,2.9814,443,10.076,448
60,6,3,3,45,45,13.0921,28,293,3.2176,438,10.0724,445
60,6,3,4,45,46,18.6517,28,293,3.2662,446,10.0826,443
60,6,3,5,45,47,18.339,28,293,3.0513,443,10.0648,445
60,6,3,6,45,48,21.338,28,291,3.262,455,10.0846,453
60,6,3,7,45,49,18.0894,28,293,3.6664,441,10.0743,442
60,6,3,8,45,50,14.7398,28,293,4.2981,450,10.0735,446
60,6,3,9,45,51,14.5026,28,295,3.971,426,10.0754,418
60,6,4,0,46,42,11.776,19,553,1.891,373,10.0859,372
60,6,4,1,46,43,14.0029,19,553,1.8678,374,10.0744,372
60,6,4,2,46,44,12.9872,19,553,1.9601,371,10.0799,368
60,6,4,3,46,45,18.9849,19,543,1.6695,365,10.0832,362
60,6,4,4,46,46,12.9911,19,547,1.8041,398,10.0751,389
60,6,4,5,46,47,13.663,19,549,1.8049,367,10.0706,367
60,6,4,6,46,48,15.1186,19,543,1.7616,366,10.0753,361
60,6,4,7,46,49,18.6258,19,543,2.1422,382,10.0781,370
60,6,4,8,46,50,13.8652,19,553,1.794,376,10.0804,372
60,6,4,9,46,51,12.5894,19,553,1.8261,371,10.0724,368
120,3,0,0,42,42,21.3093,41,1693,13.0365,1627,10.0792,1592
120,3,0,1,42,43,104.5623,41,997,7.9102,1623,10.0762,1535
120,3,0,2,42,44,21.4735,41,1693,7.6344,1636,10.0825,1592
120,3,0,3,42,45,21.3627,41,1693,6.471,1673,10.0866,1592
120,3,0,4,42,46,113.2347,41,984,5.8902,1751,10.0786,1645
120,3,0,5,42,47,98.5604,41,984,5.5681,1594,10.07,1458
120,3,0,6,42,48,21.5348,41,1693,8.2514,1669,10.0849,1592
120,3,0,7,42,49,21.5047,41,1693,6.2474,1662,10.0827,1592
120,3,0,8,42,50,138.3879,41,1001,6.6584,1582,10.0649,1501
120,3,0,9,42,51,21.5692,41,1693,5.4024,1694,10.0859,1592
120,3,1,0,43,42,122.7048,40,393,10.2446,777,10.0837,659
120,3,1,1,43,43,32.8563,40,628,8.7882,853,10.0701,636
120,3,1,2,43,44,157.9512,40,372,9.0818,732,10.0778,636
120,3,1,3,43,45,122.7817,40,366,8.2588,775,10.083,623
120,3,1,4,43,46,57.9393,40,476,10.1263,735,10.0857,619
120,3,1,5,43,47,127.6336,40,394,6.8511,841,10.0697,640
120,3,1,6,43,48,145.3855,40,379,7.7955,821,10.0872,624
120,3,1,7,43,49,42.6649,40,568,6.7375,885,10.0807,634
120,3,1,8,43,50,131.6057,40,389,9.0774,800,10.0753,663
120,3,1,9,43,51,101.8728,40,400,10.3714,772,10.0692,690
120,3,2,0,44,42,114.4793,40,1258,6.2975,1551,10.0848,1444
120,3,2,1,44,43,114.0083,40,1228,6.9413,1452,10.0637,1477
120,3,2,2,44,44,109.8354,40,1326,6.7717,1554,10.0787,1544
120,3,2,3,44,45,122.0307,40,1301,6.6365,1685,10.0721,1641
120,3,2,4,44,46,102.2947,40,1244,7.1155,1514,10.092,1468
120,3,2,5,44,47,120.9935,40,1282,7.4239,1511,10.0803,1488
120,3,2,6,44,48,124.4521,40,1255,7.2856,1467,10.0699,1483
120,3,2,7,44,49,85.7504,40,1283,8.5335,1505,10.0827,1473
120,3,2,8,44,50,148.4769,40,1194,5.8927,1489,10.0842,1414
120,3,2,9,44,51,138.9287,40,1271,6.3679,1520,10.0875,1533
120,3,3,0,45,42,125.2842,42,1205,8.1277,1538,10.0846,1408
120,3,3,1,45,43,132.055,42,1233,7.3989,1490,10.076,1415
120,3,3,2,45,44,97.5717,42,1223,7.386,1520,10.0803,1376
120,3,3,3,45,45,116.3559,42,1261,7.7282,1674,10.5621,1582
120,3,3,4,45,46,148.3358,42,1229,8.6723,1537,10.5286,1536
120,3,3,5,45,47,112.9998,42,1187,8.6571,1529,10.5194,1474
120,3,3,6,45,48,104.0088,42,1224,8.3491,1638,10.0695,1475
120,3,3,7,45,49,111.3472,42,1215,8.4567,1530,10.0813,1384
120,3,3,8,45,50,173.3101,42,1214,8.5467,1388,10.0757,1311
120,3,3,9,45,51,114.4802,42,1216,7.4113,1510,10.0731,1368
120,3,4,0,46,42,42.1647,35,1443,7.6264,1324,10.0755,1280
120,3,4,1,46,43,134.2596,35,804,7.9123,1417,10.0813,1346
120,3,4,2,46,44,110.0228,35,787,6.5179,1318,10.0806,1220
120,3,4,3,46,45,98.9646,34,1729,7.8752,1505,10.0751,1457
120,3,4,4,46,46,126.3634,34,1172,5.2188,1229,10.088,1203
120,3,4,5,46,47,35.8289,35,1467,7.8833,1254,10.0797,1255
120,3,4,6,46,48,170.5097,34,1154,5.0951,1368,10.086,1315
120,3,4,7,46,49,84.769,34,1738,6.0802,1437,10.0792,1388
120,3,4,8,46,50,70.7181,34,2334,7.219,1452,10.0766,1434
120,3,4,9,46,51,46.7779,35,1445,5.5453,1420,10.0786,1363
120,6,0,0,42,42,119.621,44,951,9.2543,1110,10.084,1066
120,6,0,1,42,43,117.1855,44,973,13.4232,1139,10.0752,1059
120,6,0,2,42,44,140.3765,44,982,7.3735,1120,10.0756,1026
120,6,0,3,42,45,95.8974,44,946,6.9587,1091,10.0788,1042
120,6,0,4,42,46,97.7975,44,947,7.1484,1089,10.083,1036
120,6,0,5,42,47,131.5116,44,956,9.5841,1188,10.0781,1079
120,6,0,6,42,48,106.7533,44,961,7.9872,1082,10.0894,1125
120,6,0,7,42,49,105.3344,44,944,9.5872,1135,10.6595,1083
120,6,0,8,42,50,124.7715,44,934,8.8835,1116,10.0845,1020
120,6,0,9,42,51,117.5442,44,941,9.2377,1119,10.0913,1036
120,6,1,0,43,42,106.4728,41,741,7.1783,913,10.0677,849
120,6,1,1,43,43,94.6819,41,731,8.6757,903,10.0764,812
120,6,1,2,43,44,96.2821,41,745,6.904,933,10.0648,858
120,6,1,3,43,45,100.9004,41,729,5.8967,917,10.0643,847
120,6,1,4,43,46,139.3744,41,728,7.8856,891,10.0853,835
120,6,1,5,43,47,103.9343,41,731,8.7753,869,10.091,845
120,6,1,6,43,48,104.2387,41,733,6.904,895,10.0874,837
120,6,1,7,43,49,105.2768,41,745,7.3356,931,10.0873,848
120,6,1,8,43,50,91.8977,41,735,6.8017,905,10.0683,871
120,6,1,9,43,51,105.3191,41,731,8.7071,926,10.0731,842
120,6,2,0,44,42,121.9282,45,891,12.3043,1318,10.0735,1236
120,6,2,1,44,43,152.8034,45,881,8.9775,1334,10.657,1217
120,6,2,2,44,44,138.6577,45,866,10.165,1300,10.0782,1195
120,6,2,3,44,45,146.0278,45,859,5.8395,1375,10.0753,1201
120,6,2,4,44,46,76.9322,45,1111,9.681,1333,10.077,1248
120,6,2,5,44,47,134.2796,45,866,12.0237,1303,10.0795,1181
120,6,2,6,44,48,123.4003,45,878,8.2098,1258,10.0817,1192
120,6,2,7,44,49,165.8235,45,859,8.8828,1274,10.0736,1160
120,6,2,8,44,50,139.2853,45,886,9.6666,1243,10.0737,1178
120,6,2,9,44,51,175.9609,45,871,10.7289,1328,10.0876,1231
120,6,3,0,45,42,157.4558,42,1377,9.0599,1471,10.083,1312
120,6,3,1,45,43,154.8927,42,1369,8.8637,1375,10.6823,1319
120,6,3,2,45,44,138.9556,42,1382,8.0091,1367,10.0714,1290
120,6,3,3,45,45,175.0564,42,1361,10.1335,1412,10.0819,1313
120,6,3,4,45,46,121.8492,42,1375,7.9667,1440,10.5109,1415
120,6,3,5,45,47,130.0152,42,1385,9.0218,1410,10.0837,1365
120,6,3,6,45,48,74.6466,42,1569,7.6782,1331,10.09,1377
120,6,3,7,45,49,147.7623,42,1414,7.2874,1394,10.0618,1331
120,6,3,8,45,50,149.1076,42,1387,9.0263,1349,10.0797,1283
120,6,3,9,45,51,124.0504,42,1358,9.0264,1430,10.6672,1365
120,6,4,0,46,42,111.1373,37,1520,6.7475,1459,10.7001,1423
120,6,4,1,46,43,107.1557,37,1573,7.5604,1579,10.0859,1558
120,6,4,2,46,44,107.0691,37,1566,8.8699,1478,10.0739,1436
120,6,4,3,46,45,116.3487,37,1509,7.0391,1462,10.5004,1421
120,6,4,4,46,46,134.2279,37,1515,7.5446,1515,10.0769,1459
120,6,4,5,46,47,108.037,37,1552,7.4009,1518,10.0701,1466
120,6,4,6,46,48,104.733,37,1519,7.262,1537,10.087,1422
120,6,4,7,46,49,108.7087,37,1516,7.3249,1473,10.0822,1432
120,6,4,8,46,50,97.2247,37,1571,6.7374,1507,10.0905,1449
120,6,4,9,46,51,120.207,37,1502,6.8328,1475,10.5888,1405
