n_of_job,n_of_family,problem,iteration,seed1,seed2,EDD_P1_time,EDD_P1_bin,EDD_P1_fitness,EDD_CP_time,EDD_CP_fitness,SST_P1_time,SST_P1_bin,SST_P1_fitness,SST_CP_time,SST_CP_fitness,LA_P1_time,LA_P1_bin,LA_P1_fitness,LA_CP_time,LA_CP_fitness
30,3,0,0,42,42,0.0018,14,198,10.0917,175,0.0009,13,188,12.1258,160,0.0011,11,172,2.7544,151
30,3,0,1,42,43,0.001,14,198,10.0706,175,0.0008,13,188,10.0785,160,0.001,11,172,4.921,151
30,3,0,2,42,44,0.001,14,198,10.0633,175,0.0009,13,188,10.0678,160,0.0011,11,172,2.9478,151
30,3,0,3,42,45,0.0011,14,198,12.1563,175,0.0009,13,188,10.0779,160,0.001,11,172,2.8029,151
30,3,0,4,42,46,0.001,14,198,10.0601,175,0.0009,13,188,12.1773,160,0.001,11,172,2.8202,151
30,3,0,5,42,47,0.001,14,198,10.0533,175,0.0009,13,188,10.061,160,0.0011,11,172,2.9133,151
30,3,0,6,42,48,0.0011,14,198,12.1559,175,0.001,13,188,10.0732,160,0.0011,11,172,2.7606,151
30,3,0,7,42,49,0.0011,14,198,10.0781,175,0.0011,13,188,11.899,160,0.0015,11,172,2.7818,151
30,3,0,8,42,50,0.0011,14,198,10.0658,175,0.001,13,188,10.0756,160,0.0011,11,172,2.9102,151
30,3,0,9,42,51,0.0013,14,198,12.511,175,0.0009,13,188,10.0694,160,0.0012,11,172,2.8324,151
30,3,1,0,43,42,0.001,12,114,0.5667,37,0.001,12,105,1.778,57,0.0011,10,119,0.836,58
30,3,1,1,43,43,0.0009,12,114,0.6475,37,0.001,12,105,1.8817,57,0.001,10,119,0.8316,58
30,3,1,2,43,44,0.001,12,114,0.6384,37,0.0009,12,105,1.8683,57,0.001,10,119,0.7368,58
30,3,1,3,43,45,0.0008,12,114,2.4732,37,0.0008,12,105,1.7831,57,0.001,10,119,0.7395,58
30,3,1,4,43,46,0.0009,12,114,0.5973,37,0.0009,12,105,1.6902,57,0.001,10,119,0.7422,58
30,3,1,5,43,47,0.0008,12,114,0.5759,37,0.0009,12,105,1.6455,57,0.0009,10,119,0.7097,58
30,3,1,6,43,48,0.0008,12,114,0.5711,37,0.0008,12,105,1.6691,57,0.0009,10,119,0.738,58
30,3,1,7,43,49,0.0009,12,114,0.5539,37,0.0008,12,105,1.6504,57,0.0009,10,119,0.7176,58
30,3,1,8,43,50,0.0008,12,114,0.5805,37,0.0009,12,105,1.7919,57,0.001,10,119,0.7354,58
30,3,1,9,43,51,0.001,12,114,0.5821,37,0.0009,12,105,1.7231,57,0.0011,10,119,0.7795,58
30,3,2,0,44,42,0.0011,15,136,10.064,111,0.001,15,147,12.3708,102,0.0011,14,112,4.4822,91
30,3,2,1,44,43,0.001,15,136,10.0722,111,0.0011,15,147,12.1971,102,0.0013,14,112,4.8221,91
30,3,2,2,44,44,0.0011,15,136,10.0595,111,0.001,15,147,10.0715,102,0.0013,14,112,4.6276,91
30,3,2,3,44,45,0.0012,15,136,12.2698,111,0.0012,15,147,10.0751,102,0.0011,14,112,4.6658,91
30,3,2,4,44,46,0.001,15,136,12.3135,111,0.0012,15,147,10.0806,102,0.0011,14,112,4.5376,91
30,3,2,5,44,47,0.0011,15,136,10.066,111,0.001,15,147,12.2671,102,0.0011,14,112,4.5433,91
30,3,2,6,44,48,0.001,15,136,10.0609,111,0.001,15,147,10.0653,102,0.0012,14,112,4.6223,91
30,3,2,7,44,49,0.0011,15,136,12.7513,111,0.001,15,147,10.0567,102,0.0012,14,112,4.5861,91
30,3,2,8,44,50,0.0011,15,136,12.2304,111,0.0011,15,147,10.0649,102,0.0012,14,112,4.7656,91
30,3,2,9,44,51,0.0011,15,136,10.0713,111,0.001,15,147,12.2712,102,0.0012,14,112,4.7344,91
30,3,3,0,45,42,0.001,15,177,10.0621,134,0.0009,14,182,10.0675,140,0.0011,13,175,12.2345,144
30,3,3,1,45,43,0.001,15,177,10.0708,134,0.0009,14,182,10.0702,140,0.0011,13,175,12.2715,144
30,3,3,2,45,44,0.001,15,177,10.0641,134,0.0009,14,182,10.0762,140,0.0011,13,175,12.265,144
30,3,3,3,45,45,0.001,15,177,10.0568,134,0.001,14,182,10.0762,140,0.0011,13,175,12.2587,144
30,3,3,4,45,46,0.001,15,177,10.0732,134,0.0009,14,182,10.0531,140,0.0011,13,175,10.0711,144
30,3,3,5,45,47,0.001,15,177,12.2731,134,0.0009,14,182,10.072,140,0.0011,13,175,10.077,144
30,3,3,6,45,48,0.0011,15,177,12.2901,134,0.0009,14,182,10.0801,140,0.0011,13,175,10.0793,144
30,3,3,7,45,49,0.001,15,177,12.2767,134,0.0009,14,182,10.0564,140,0.0011,13,175,10.072,144
30,3,3,8,45,50,0.001,15,177,12.2788,134,0.0009,14,182,10.0642,140,0.0012,13,175,10.0603,144
30,3,3,9,45,51,0.001,15,177,12.4248,134,0.0009,14,182,10.0766,140,0.0013,13,175,10.0723,144
30,3,4,0,46,42,0.0008,10,108,0.5453,83,0.0008,10,124,0.5046,98,0.0008,8,87,0.6286,86
30,3,4,1,46,43,0.0008,10,108,0.5623,83,0.0008,10,124,0.5042,98,0.0008,8,87,0.5994,86
30,3,4,2,46,44,0.0008,10,108,0.551,83,0.001,10,124,0.5129,98,0.0008,8,87,0.6072,86
30,3,4,3,46,45,0.0008,10,108,0.5342,83,0.0008,10,124,0.4991,98,0.0009,8,87,0.6391,86
30,3,4,4,46,46,0.0008,10,108,0.5462,83,0.0009,10,124,0.5346,98,0.0009,8,87,0.61,86
30,3,4,5,46,47,0.0008,10,108,0.5345,83,0.0009,10,124,0.5157,98,0.0008,8,87,0.637,86
30,3,4,6,46,48,0.0008,10,108,0.5457,83,0.0009,10,124,0.516,98,0.0008,8,87,3.0859,86
30,3,4,7,46,49,0.0008,10,108,0.529,83,0.0009,10,124,0.4892,98,0.0009,8,87,0.605,86
30,3,4,8,46,50,0.0008,10,108,0.5595,83,0.0008,10,124,0.5098,98,0.0008,8,87,0.5979,86
30,3,4,9,46,51,0.0009,10,108,0.5486,83,0.0009,10,124,0.5011,98,0.0008,8,87,0.6043,86
30,6,0,0,42,42,0.0009,13,84,9.8631,65,0.0011,13,166,10.0665,113,0.0011,14,105,11.9505,85
30,6,0,1,42,43,0.0011,13,84,9.8126,65,0.001,13,166,10.0521,113,0.0011,14,105,12.3028,85
30,6,0,2,42,44,0.001,13,84,9.9901,65,0.0011,13,166,10.0656,113,0.001,14,105,10.0681,85
30,6,0,3,42,45,0.001,13,84,12.0905,65,0.0011,13,166,10.0694,113,0.0011,14,105,10.0629,85
30,6,0,4,42,46,0.001,13,84,12.2927,65,0.001,13,166,10.0752,113,0.001,14,105,10.0675,85
30,6,0,5,42,47,0.0009,13,84,11.7123,65,0.001,13,166,10.058,113,0.0013,14,105,10.0795,85
30,6,0,6,42,48,0.0011,13,84,11.8643,65,0.0011,13,166,10.068,113,0.0012,14,105,10.0507,85
30,6,0,7,42,49,0.0009,13,84,9.6316,65,0.0011,13,166,12.2583,113,0.0011,14,105,10.0504,85
30,6,0,8,42,50,0.0009,13,84,10.0602,65,0.0011,13,166,12.3202,113,0.0014,14,105,10.0753,85
30,6,0,9,42,51,0.0009,13,84,9.4266,65,0.0011,13,166,12.3665,113,0.0016,14,105,10.0594,85
30,6,1,0,43,42,0.0009,14,149,10.061,77,0.001,12,160,2.4042,85,0.001,12,135,4.5862,89
30,6,1,1,43,43,0.001,14,149,12.3584,77,0.0009,12,160,2.321,85,0.001,12,135,4.4174,89
30,6,1,2,43,44,0.0009,14,149,10.0599,77,0.0009,12,160,2.4808,85,0.0011,12,135,4.5237,89
30,6,1,3,43,45,0.001,14,149,12.3501,77,0.001,12,160,2.3313,85,0.0011,12,135,4.3221,89
30,6,1,4,43,46,0.001,14,149,10.0696,77,0.0011,12,160,2.4882,85,0.0011,12,135,7.004,89
30,6,1,5,43,47,0.0011,14,149,10.0637,77,0.001,12,160,2.3977,85,0.001,12,135,4.4099,89
30,6,1,6,43,48,0.001,14,149,10.0697,77,0.001,12,160,2.471,85,0.0011,12,135,7.098,89
30,6,1,7,43,49,0.0012,14,149,10.0671,77,0.0009,12,160,2.3009,85,0.001,12,135,4.546,89
30,6,1,8,43,50,0.001,14,149,10.061,77,0.0011,12,160,4.7966,85,0.0012,12,135,4.6618,89
30,6,1,9,43,51,0.0011,14,149,10.0738,77,0.0009,12,160,2.4157,85,0.0012,12,135,4.5237,89
30,6,2,0,44,42,0.0013,16,204,10.0762,128,0.0012,16,174,12.3311,125,0.0012,15,140,10.0723,108
30,6,2,1,44,43,0.001,16,204,10.0681,128,0.0012,16,174,12.2965,125,0.0012,15,140,10.0622,108
30,6,2,2,44,44,0.001,16,204,10.0772,128,0.0011,16,174,12.2751,125,0.0011,15,140,10.0621,108
30,6,2,3,44,45,0.0011,16,204,10.0709,128,0.0012,16,174,12.4588,125,0.0013,15,140,10.0624,108
30,6,2,4,44,46,0.001,16,204,10.0744,128,0.0011,16,174,12.0228,125,0.0014,15,140,10.069,108
30,6,2,5,44,47,0.0012,16,204,10.0673,128,0.0011,16,174,10.0549,125,0.0013,15,140,12.064,108
30,6,2,6,44,48,0.0011,16,204,10.0718,128,0.001,16,174,10.0762,125,0.0012,15,140,12.0466,108
30,6,2,7,44,49,0.001,16,204,10.0674,128,0.0011,16,174,10.0678,125,0.0012,15,140,12.0313,108
30,6,2,8,44,50,0.001,16,204,10.053,128,0.0011,16,174,10.0598,125,0.0013,15,140,12.0452,108
30,6,2,9,44,51,0.0011,16,204,10.0722,128,0.0011,16,174,10.062,125,0.0012,15,140,10.0684,108
30,6,3,0,45,42,0.001,15,178,12.0464,112,0.0011,15,177,10.0701,123,0.0012,16,167,10.0708,113
30,6,3,1,45,43,0.0011,15,178,12.0435,112,0.001,15,177,10.0703,123,0.0012,16,167,10.0671,113
30,6,3,2,45,44,0.0012,15,178,12.0435,112,0.001,15,177,10.0768,123,0.0012,16,167,10.0528,113
30,6,3,3,45,45,0.0011,15,178,12.044,112,0.0011,15,177,10.0712,123,0.0013,16,167,10.0648,113
30,6,3,4,45,46,0.0011,15,178,12.0141,112,0.0011,15,177,10.0504,123,0.0013,16,167,10.0811,113
30,6,3,5,45,47,0.0012,15,178,10.0667,112,0.0012,15,177,12.0361,123,0.0012,16,167,10.0591,113
30,6,3,6,45,48,0.001,15,178,10.0628,112,0.001,15,177,12.0229,123,0.0012,16,167,10.0711,113
30,6,3,7,45,49,0.001,15,178,10.0809,112,0.0011,15,177,12.3255,123,0.0014,16,167,10.0644,113
30,6,3,8,45,50,0.001,15,178,10.0594,112,0.0011,15,177,12.4497,123,0.0014,16,167,10.0559,113
30,6,3,9,45,51,0.001,15,178,10.0759,112,0.0011,15,177,12.3329,123,0.0014,16,167,10.0728,113
30,6,4,0,46,42,0.001,11,134,1.3813,125,0.0009,11,143,0.8577,124,0.0009,11,143,0.9173,124
30,6,4,1,46,43,0.0008,11,134,1.3996,125,0.0009,11,143,0.8729,124,0.0011,11,143,0.9082,124
30,6,4,2,46,44,0.0009,11,134,1.3513,125,0.0009,11,143,0.862,124,0.001,11,143,0.8883,124
30,6,4,3,46,45,0.0008,11,134,1.4041,125,0.0009,11,143,0.8297,124,0.001,11,143,0.9252,124
30,6,4,4,46,46,0.0009,11,134,1.4525,125,0.0009,11,143,0.866,124,0.0011,11,143,0.9303,124
30,6,4,5,46,47,0.0011,11,134,1.3885,125,0.0014,11,143,0.8945,124,0.001,11,143,0.905,124
30,6,4,6,46,48,0.0009,11,134,1.3765,125,0.001,11,143,3.2138,124,0.0011,11,143,1.0077,124
30,6,4,7,46,49,0.001,11,134,1.4828,125,0.0011,11,143,0.9023,124,0.0011,11,143,0.9561,124
30,6,4,8,46,50,0.0009,11,134,1.3688,125,0.001,11,143,0.8409,124,0.0011,11,143,0.9139,124
30,6,4,9,46,51,0.0011,11,134,1.3296,125,0.001,11,143,0.8598,124,0.0013,11,143,0.9021,124
60,3,0,0,42,42,0.0031,27,777,10.0561,562,0.003,27,715,10.0602,482,0.0037,25,730,12.3293,491
60,3,0,1,42,43,0.0031,27,777,10.07,562,0.003,27,715,10.0669,482,0.0037,25,730,12.3752,491
60,3,0,2,42,44,0.0032,27,777,10.0695,562,0.0031,27,715,10.0594,482,0.0037,25,730,12.3453,491
60,3,0,3,42,45,0.0032,27,777,10.0742,562,0.003,27,715,10.0601,482,0.0036,25,730,12.3125,491
60,3,0,4,42,46,0.0035,27,777,10.0733,562,0.0031,27,715,10.0534,482,0.0036,25,730,10.0666,491
60,3,0,5,42,47,0.0035,27,777,12.3357,562,0.003,27,715,10.0591,482,0.0035,25,730,10.0734,491
60,3,0,6,42,48,0.0031,27,777,12.2429,562,0.0031,27,715,10.0629,482,0.0035,25,730,10.0545,491
60,3,0,7,42,49,0.0036,27,777,12.4551,562,0.0031,27,715,10.07,482,0.0036,25,730,10.0609,491
60,3,0,8,42,50,0.0031,27,777,12.1998,562,0.0031,27,715,10.051,482,0.0036,25,730,10.0564,491
60,3,0,9,42,51,0.0031,27,777,12.1673,562,0.0032,27,715,10.0767,482,0.0037,25,730,10.064,491
60,3,1,0,43,42,0.0028,23,354,10.0661,163,0.0028,23,532,12.1404,220,0.0033,21,353,10.0682,203
60,3,1,1,43,43,0.0028,23,354,10.0655,163,0.0027,23,532,12.1423,220,0.0032,21,353,10.0769,203
60,3,1,2,43,44,0.0027,23,354,10.0718,163,0.0027,23,532,12.155,220,0.0032,21,353,10.0613,203
60,3,1,3,43,45,0.0027,23,354,10.069,163,0.0026,23,532,12.1568,220,0.0033,21,353,10.046,203
60,3,1,4,43,46,0.0026,23,354,10.0719,163,0.0026,23,532,12.1548,220,0.0032,21,353,10.0723,203
60,3,1,5,43,47,0.0028,23,354,10.0557,163,0.0028,23,532,10.0624,220,0.0034,21,353,12.166,203
60,3,1,6,43,48,0.0027,23,354,10.0652,163,0.0027,23,532,10.0884,220,0.0032,21,353,12.1477,203
60,3,1,7,43,49,0.0028,23,354,10.0538,163,0.0028,23,532,10.0537,220,0.0033,21,353,12.1641,203
60,3,1,8,43,50,0.0027,23,354,10.0725,163,0.0027,23,532,10.087,220,0.0034,21,353,12.1645,203
60,3,1,9,43,51,0.0027,23,354,10.0635,163,0.0027,23,532,10.0555,220,0.0031,21,353,10.0738,203
60,3,2,0,44,42,0.0027,25,820,12.1635,468,0.0026,25,887,10.0624,533,0.0032,21,674,10.0694,531
60,3,2,1,44,43,0.0027,25,820,12.1254,468,0.0026,25,887,10.0549,533,0.003,21,674,10.0593,531
60,3,2,2,44,44,0.0026,25,820,12.5219,468,0.0027,25,887,10.0619,533,0.0031,21,674,10.0692,531
60,3,2,3,44,45,0.0026,25,820,12.2445,468,0.0027,25,887,10.0754,533,0.0032,21,674,10.0706,531
60,3,2,4,44,46,0.0028,25,820,12.2821,468,0.0029,25,887,10.0754,533,0.0031,21,674,10.0672,531
60,3,2,5,44,47,0.0026,25,820,10.0668,468,0.0027,25,887,12.1893,533,0.0032,21,674,10.0661,531
60,3,2,6,44,48,0.0026,25,820,10.0571,468,0.0028,25,887,12.2245,533,0.0032,21,674,10.0717,531
60,3,2,7,44,49,0.0026,25,820,10.0653,468,0.0027,25,887,12.2633,533,0.0033,21,674,10.0678,531
60,3,2,8,44,50,0.0027,25,820,10.0638,468,0.0027,25,887,12.1028,533,0.0032,21,674,10.0611,531
60,3,2,9,44,51,0.0027,25,820,10.0594,468,0.0026,25,887,12.384,533,0.0033,21,674,10.0606,531
60,3,3,0,45,42,0.0028,30,1023,10.0722,617,0.0032,30,1042,10.0585,677,0.0038,27,764,12.3669,571
60,3,3,1,45,43,0.0028,30,1023,10.0634,617,0.0032,30,1042,10.0694,677,0.0043,27,764,12.3845,571
60,3,3,2,45,44,0.0029,30,1023,10.0739,617,0.0031,30,1042,10.0661,677,0.0038,27,764,12.3778,571
60,3,3,3,45,45,0.0031,30,1023,10.0699,617,0.0031,30,1042,10.0521,677,0.0038,27,764,12.3906,571
60,3,3,4,45,46,0.0033,30,1023,10.0774,617,0.0033,30,1042,10.0797,677,0.0038,27,764,10.0697,571
60,3,3,5,45,47,0.0033,30,1023,12.3423,617,0.0032,30,1042,10.0556,677,0.0036,27,764,10.0683,571
60,3,3,6,45,48,0.0032,30,1023,12.3271,617,0.0032,30,1042,10.0592,677,0.0038,27,764,10.0602,571
60,3,3,7,45,49,0.0032,30,1023,12.3096,617,0.0031,30,1042,10.0776,677,0.0036,27,764,10.0681,571
60,3,3,8,45,50,0.0032,30,1023,12.2764,617,0.0034,30,1042,10.0586,677,0.0035,27,764,10.0695,571
60,3,3,9,45,51,0.0033,30,1023,12.2143,617,0.0033,30,1042,10.0643,677,0.0038,27,764,10.0803,571
60,3,4,0,46,42,0.0025,21,588,10.0629,369,0.0026,21,683,12.8836,426,0.0031,19,573,10.0681,395
60,3,4,1,46,43,0.0025,21,588,10.0636,369,0.0026,21,683,12.2277,426,0.003,19,573,10.0712,395
60,3,4,2,46,44,0.0023,21,588,10.0668,369,0.0025,21,683,12.2572,426,0.0031,19,573,10.0609,395
60,3,4,3,46,45,0.0025,21,588,10.0693,369,0.0026,21,683,12.268,426,0.0031,19,573,10.0574,395
60,3,4,4,46,46,0.0024,21,588,10.0529,369,0.0027,21,683,10.0747,426,0.003,19,573,12.2561,395
60,3,4,5,46,47,0.0025,21,588,10.0544,369,0.0025,21,683,10.0569,426,0.003,19,573,12.2706,395
60,3,4,6,46,48,0.0024,21,588,10.0747,369,0.0026,21,683,10.0615,426,0.0031,19,573,12.2476,395
60,3,4,7,46,49,0.0023,21,588,10.0618,369,0.0026,21,683,10.0651,426,0.0031,19,573,12.2745,395
60,3,4,8,46,50,0.0025,21,588,10.0583,369,0.0026,21,683,10.0714,426,0.0031,19,573,12.2641,395
60,3,4,9,46,51,0.0023,21,588,10.0764,369,0.0025,21,683,10.0639,426,0.0031,19,573,10.0592,395
60,6,0,0,42,42,0.0031,28,645,12.2573,393,0.0041,29,774,10.0767,481,0.0037,26,843,10.0674,503
60,6,0,1,42,43,0.003,28,645,12.2624,393,0.0032,29,774,10.0643,481,0.0036,26,843,10.0674,503
60,6,0,2,42,44,0.0031,28,645,12.2866,393,0.0034,29,774,10.0765,481,0.0036,26,843,10.0745,503
60,6,0,3,42,45,0.0031,28,645,12.2278,393,0.0031,29,774,10.0669,481,0.0034,26,843,10.0632,503
60,6,0,4,42,46,0.0031,28,645,12.8063,393,0.0035,29,774,10.0805,481,0.0034,26,843,10.063,503
60,6,0,5,42,47,0.0031,28,645,10.069,393,0.0032,29,774,12.2337,481,0.0036,26,843,10.0591,503
60,6,0,6,42,48,0.0032,28,645,10.0748,393,0.0032,29,774,12.4206,481,0.0037,26,843,10.0692,503
60,6,0,7,42,49,0.0032,28,645,10.0537,393,0.0033,29,774,12.0397,481,0.0036,26,843,10.0598,503
60,6,0,8,42,50,0.0031,28,645,10.0593,393,0.0032,29,774,12.5386,481,0.0038,26,843,10.0729,503
60,6,0,9,42,51,0.0032,28,645,10.0731,393,0.003,29,774,12.4066,481,0.0039,26,843,10.0791,503
60,6,1,0,43,42,0.0029,25,551,10.0743,284,0.003,25,651,10.0719,337,0.0036,24,517,12.3938,316
60,6,1,1,43,43,0.0029,25,551,10.0641,284,0.0032,25,651,10.0596,337,0.0035,24,517,12.3724,316
60,6,1,2,43,44,0.0031,25,551,10.0727,284,0.003,25,651,10.0737,337,0.0036,24,517,12.3722,316
60,6,1,3,43,45,0.0029,25,551,10.0638,284,0.0032,25,651,10.0738,337,0.0036,24,517,12.3833,316
60,6,1,4,43,46,0.0031,25,551,10.0506,284,0.003,25,651,10.0765,337,0.0036,24,517,10.0842,316
60,6,1,5,43,47,0.0032,25,551,12.3345,284,0.0031,25,651,10.0533,337,0.0034,24,517,10.063,316
60,6,1,6,43,48,0.0031,25,551,12.5119,284,0.0031,25,651,10.0608,337,0.0035,24,517,10.0681,316
60,6,1,7,43,49,0.0031,25,551,12.0831,284,0.0033,25,651,10.0674,337,0.0035,24,517,10.0719,316
60,6,1,8,43,50,0.0031,25,551,12.1169,284,0.0031,25,651,10.0727,337,0.0035,24,517,10.0644,316
60,6,1,9,43,51,0.0029,25,551,12.1072,284,0.0031,25,651,10.0646,337,0.0035,24,517,10.0563,316
60,6,2,0,44,42,0.0029,25,697,10.0659,413,0.0029,25,640,12.0921,432,0.0035,24,625,10.0702,392
60,6,2,1,44,43,0.0029,25,697,10.0728,413,0.0029,25,640,12.1154,432,0.0035,24,625,10.0677,392
60,6,2,2,44,44,0.0031,25,697,10.0727,413,0.003,25,640,12.0979,432,0.0036,24,625,10.074,392
60,6,2,3,44,45,0.003,25,697,10.0737,413,0.003,25,640,12.1096,432,0.0035,24,625,10.0665,392
60,6,2,4,44,46,0.0029,25,697,10.0629,413,0.003,25,640,12.1125,432,0.0036,24,625,10.0786,392
60,6,2,5,44,47,0.0028,25,697,10.0673,413,0.003,25,640,10.074,432,0.0034,24,625,12.0939,392
60,6,2,6,44,48,0.0028,25,697,10.0639,413,0.0029,25,640,10.0697,432,0.0034,24,625,12.1102,392
60,6,2,7,44,49,0.0029,25,697,10.068,413,0.0029,25,640,10.061,432,0.0036,24,625,12.1057,392
60,6,2,8,44,50,0.0031,25,697,10.0677,413,0.0031,25,640,10.0686,432,0.0037,24,625,12.1031,392
60,6,2,9,44,51,0.0032,25,697,10.063,413,0.0031,25,640,10.0705,432,0.0036,24,625,10.0693,392
60,6,3,0,45,42,0.0034,29,686,12.4637,440,0.0039,29,767,10.0729,517,0.0039,28,665,10.0549,472
60,6,3,1,45,43,0.0033,29,686,12.0614,440,0.0036,29,767,10.0757,517,0.0039,28,665,10.058,472
60,6,3,2,45,44,0.0034,29,686,12.2664,440,0.0037,29,767,10.0643,517,0.0041,28,665,10.0653,472
60,6,3,3,45,45,0.0034,29,686,12.2137,440,0.0037,29,767,10.0651,517,0.0039,28,665,10.0701,472
60,6,3,4,45,46,0.0033,29,686,12.2728,440,0.0042,29,767,10.0619,517,0.0039,28,665,10.0617,472
60,6,3,5,45,47,0.0033,29,686,10.0658,440,0.0035,29,767,12.149,517,0.0037,28,665,10.0653,472
60,6,3,6,45,48,0.0031,29,686,10.0643,440,0.0036,29,767,12.4588,517,0.004,28,665,10.0619,472
60,6,3,7,45,49,0.0032,29,686,10.0603,440,0.0036,29,767,12.4214,517,0.004,28,665,10.0563,472
60,6,3,8,45,50,0.0032,29,686,10.0653,440,0.0041,29,767,12.4393,517,0.0043,28,665,10.0706,472
60,6,3,9,45,51,0.0033,29,686,10.0608,440,0.0036,29,767,12.4012,517,0.0045,28,665,10.074,472
60,6,4,0,46,42,0.0026,21,599,10.0721,457,0.0025,21,665,10.0598,452,0.0038,19,500,12.4004,403
60,6,4,1,46,43,0.0027,21,599,10.074,457,0.0025,21,665,10.0708,452,0.0032,19,500,12.4172,403
60,6,4,2,46,44,0.0026,21,599,10.0618,457,0.003,21,665,10.061,452,0.0033,19,500,12.3635,403
60,6,4,3,46,45,0.0028,21,599,10.0772,457,0.0025,21,665,10.054,452,0.0032,19,500,12.3613,403
60,6,4,4,46,46,0.0028,21,599,10.0726,457,0.0026,21,665,10.0649,452,0.0033,19,500,10.0725,403
60,6,4,5,46,47,0.003,21,599,12.3451,457,0.0026,21,665,10.0576,452,0.0032,19,500,10.0644,403
60,6,4,6,46,48,0.0027,21,599,12.9056,457,0.003,21,665,10.0662,452,0.0032,19,500,10.0716,403
60,6,4,7,46,49,0.0027,21,599,12.3147,457,0.0025,21,665,10.0784,452,0.0032,19,500,10.0754,403
60,6,4,8,46,50,0.0029,21,599,12.3492,457,0.0024,21,665,10.0803,452,0.0031,19,500,10.065,403
60,6,4,9,46,51,0.0026,21,599,12.3795,457,0.0026,21,665,10.07,452,0.0031,19,500,10.0611,403
120,3,0,0,42,42,0.0086,46,2427,10.0768,1659,0.0085,44,3268,12.3623,1885,0.0113,41,2251,10.0787,1592
120,3,0,1,42,43,0.0086,46,2427,10.0608,1659,0.0085,44,3268,12.3526,1885,0.0125,41,2251,10.0627,1592
120,3,0,2,42,44,0.0086,46,2427,10.0748,1659,0.0083,44,3268,12.3609,1885,0.0114,41,2251,10.0867,1592
120,3,0,3,42,45,0.0087,46,2427,10.0738,1659,0.0085,44,3268,12.351,1885,0.0117,41,2251,10.069,1592
120,3,0,4,42,46,0.0086,46,2427,10.0647,1659,0.0086,44,3268,12.3819,1885,0.0116,41,2251,10.0587,1592
120,3,0,5,42,47,0.0085,46,2427,10.0672,1659,0.0089,44,3268,10.0789,1885,0.0117,41,2251,12.3549,1592
120,3,0,6,42,48,0.0086,46,2427,10.0679,1659,0.0085,44,3268,10.0647,1885,0.0114,41,2251,12.3452,1592
120,3,0,7,42,49,0.0085,46,2427,10.0581,1659,0.0087,44,3268,10.0748,1885,0.0115,41,2251,12.3645,1592
120,3,0,8,42,50,0.0089,46,2427,10.0789,1659,0.0084,44,3268,10.0621,1885,0.0118,41,2251,12.3804,1592
120,3,0,9,42,51,0.0088,46,2427,10.0612,1659,0.0083,44,3268,10.0636,1885,0.0119,41,2251,12.7611,1592
120,3,1,0,43,42,0.0084,45,1627,10.0677,656,0.0087,44,1507,10.072,695,0.0109,40,1602,10.0695,761
120,3,1,1,43,43,0.0082,45,1627,12.0975,656,0.009,44,1507,10.0698,695,0.0111,40,1602,10.0754,761
120,3,1,2,43,44,0.0085,45,1627,12.473,656,0.0092,44,1507,10.0841,695,0.0114,40,1602,10.0646,761
120,3,1,3,43,45,0.0086,45,1627,12.3164,656,0.0093,44,1507,10.0635,695,0.0111,40,1602,10.0587,761
120,3,1,4,43,46,0.0084,45,1627,12.3584,656,0.0089,44,1507,10.0677,695,0.0106,40,1602,10.0533,761
120,3,1,5,43,47,0.0083,45,1627,12.5226,656,0.0097,44,1507,10.0596,695,0.0108,40,1602,10.0626,761
120,3,1,6,43,48,0.0082,45,1627,10.0704,656,0.0089,44,1507,12.4773,695,0.0106,40,1602,10.0628,761
120,3,1,7,43,49,0.0082,45,1627,10.0565,656,0.0089,44,1507,12.425,695,0.0113,40,1602,10.0604,761
120,3,1,8,43,50,0.0083,45,1627,10.0698,656,0.0091,44,1507,12.4263,695,0.0111,40,1602,10.0541,761
120,3,1,9,43,51,0.0083,45,1627,10.0721,656,0.009,44,1507,12.4499,695,0.0122,40,1602,10.0782,761
120,3,2,0,44,42,0.0088,48,3804,10.0709,1829,0.0085,46,3277,10.0665,1754,0.0126,41,2399,12.4263,1549
120,3,2,1,44,43,0.009,48,3804,10.0667,1829,0.0086,46,3277,10.0636,1754,0.012,41,2399,12.4337,1549
120,3,2,2,44,44,0.0091,48,3804,10.0708,1829,0.009,46,3277,10.0558,1754,0.0117,41,2399,12.3962,1549
120,3,2,3,44,45,0.0094,48,3804,10.0747,1829,0.0086,46,3277,10.0696,1754,0.0119,41,2399,12.4032,1549
120,3,2,4,44,46,0.0093,48,3804,10.0654,1829,0.0084,46,3277,10.0645,1754,0.0118,41,2399,10.0605,1549
120,3,2,5,44,47,0.0496,48,3804,12.356,1829,0.015,46,3277,10.0749,1754,0.0112,41,2399,10.0592,1549
120,3,2,6,44,48,0.0092,48,3804,12.6555,1829,0.0092,46,3277,10.0704,1754,0.0118,41,2399,10.0785,1549
120,3,2,7,44,49,0.0112,48,3804,12.2708,1829,0.0089,46,3277,10.0783,1754,0.0117,41,2399,10.0692,1549
120,3,2,8,44,50,0.0094,48,3804,12.2386,1829,0.0089,46,3277,10.0634,1754,0.0117,41,2399,10.0682,1549
120,3,2,9,44,51,0.0109,48,3804,12.2553,1829,0.0088,46,3277,10.0788,1754,0.0114,41,2399,10.0593,1549
120,3,3,0,45,42,0.0105,50,3339,10.0758,1730,0.0098,46,2798,12.2183,1577,0.0119,43,2976,10.053,1767
120,3,3,1,45,43,0.0116,50,3339,10.0685,1730,0.0101,46,2798,12.2181,1577,0.0122,43,2976,10.0778,1767
120,3,3,2,45,44,0.011,50,3339,10.0691,1730,0.0098,46,2798,12.234,1577,0.012,43,2976,10.0562,1767
120,3,3,3,45,45,0.0121,50,3339,10.0572,1730,0.0099,46,2798,12.2237,1577,0.012,43,2976,10.0611,1767
120,3,3,4,45,46,0.0101,50,3339,10.0655,1730,0.0097,46,2798,12.2272,1577,0.0122,43,2976,10.0724,1767
120,3,3,5,45,47,0.012,50,3339,10.0588,1730,0.0096,46,2798,10.0625,1577,0.0119,43,2976,12.2421,1767
120,3,3,6,45,48,0.0102,50,3339,10.0668,1730,0.01,46,2798,10.0757,1577,0.012,43,2976,12.2368,1767
120,3,3,7,45,49,0.0117,50,3339,10.0612,1730,0.0097,46,2798,10.0622,1577,0.012,43,2976,12.2655,1767
120,3,3,8,45,50,0.0101,50,3339,10.0616,1730,0.0096,46,2798,10.0799,1577,0.0119,43,2976,12.2189,1767
120,3,3,9,45,51,0.0116,50,3339,10.0502,1730,0.0098,46,2798,10.0691,1577,0.0123,43,2976,12.2641,1767
120,3,4,0,46,42,0.008,40,2506,10.0642,1207,0.008,40,2640,10.0616,1549,0.01,36,2005,10.0697,1214
120,3,4,1,46,43,0.0094,40,2506,12.2773,1207,0.0078,40,2640,10.0691,1549,0.01,36,2005,10.0616,1214
120,3,4,2,46,44,0.0078,40,2506,12.4907,1207,0.0084,40,2640,10.077,1549,0.01,36,2005,10.0701,1214
120,3,4,3,46,45,0.0093,40,2506,12.4044,1207,0.0082,40,2640,10.0721,1549,0.0098,36,2005,10.0751,1214
120,3,4,4,46,46,0.0078,40,2506,12.4342,1207,0.0087,40,2640,10.0816,1549,0.0098,36,2005,10.0617,1214
120,3,4,5,46,47,0.0076,40,2506,10.0725,1207,0.0087,40,2640,12.4424,1549,0.0098,36,2005,10.0686,1214
120,3,4,6,46,48,0.0077,40,2506,10.0553,1207,0.0083,40,2640,12.4389,1549,0.0099,36,2005,10.0492,1214
120,3,4,7,46,49,0.0075,40,2506,10.068,1207,0.0523,40,2640,12.447,1549,0.0098,36,2005,10.0809,1214
120,3,4,8,46,50,0.0076,40,2506,10.0558,1207,0.0082,40,2640,12.4115,1549,0.01,36,2005,10.0705,1214
120,3,4,9,46,51,0.0075,40,2506,10.0649,1207,0.0097,40,2640,12.4243,1549,0.0101,36,2005,10.0739,1214
120,6,0,0,42,42,0.0096,49,2276,10.0692,1323,0.0094,50,2816,10.0662,1400,0.0132,45,2324,12.3917,1362
120,6,0,1,42,43,0.0105,49,2276,10.0641,1323,0.0094,50,2816,10.0541,1400,0.0135,45,2324,12.3481,1362
120,6,0,2,42,44,0.0096,49,2276,10.0495,1323,0.0093,50,2816,10.0659,1400,0.0125,45,2324,12.3597,1362
120,6,0,3,42,45,0.0093,49,2276,10.0775,1323,0.0107,50,2816,10.0656,1400,0.0127,45,2324,12.4784,1362
120,6,0,4,42,46,0.0096,49,2276,10.0694,1323,0.0095,50,2816,10.0592,1400,0.0131,45,2324,12.283,1362
120,6,0,5,42,47,0.01,49,2276,10.0718,1323,0.0112,50,2816,10.0679,1400,0.0128,45,2324,10.0647,1362
120,6,0,6,42,48,0.0106,49,2276,12.3635,1323,0.0101,50,2816,10.0725,1400,0.0142,45,2324,10.08,1362
120,6,0,7,42,49,0.0106,49,2276,9.1227,1323,0.0114,50,2816,10.0629,1400,0.0119,45,2324,10.0561,1362
120,6,0,8,42,50,0.0111,49,2276,11.253,1323,0.0103,50,2816,10.0723,1400,0.012,45,2324,10.054,1362
120,6,0,9,42,51,0.0096,49,2276,11.573,1323,0.012,50,2816,10.0783,1400,0.0119,45,2324,10.0635,1362
120,6,1,0,43,42,0.0101,48,1936,10.0786,1015,0.0098,47,2116,11.7799,1075,0.0119,42,1575,10.0646,886
120,6,1,1,43,43,0.0095,48,1936,10.065,1015,0.0112,47,2116,11.4647,1075,0.0115,42,1575,10.0725,886
120,6,1,2,43,44,0.0095,48,1936,10.0816,1015,0.0095,47,2116,11.6606,1075,0.0113,42,1575,10.0626,886
120,6,1,3,43,45,0.0093,48,1936,10.076,1015,0.0115,47,2116,11.6307,1075,0.0113,42,1575,10.0594,886
120,6,1,4,43,46,0.0092,48,1936,10.0614,1015,0.0097,47,2116,11.6638,1075,0.0122,42,1575,10.0653,886
120,6,1,5,43,47,0.0093,48,1936,10.0601,1015,0.0106,47,2116,10.0728,1075,0.0123,42,1575,11.7264,886
120,6,1,6,43,48,0.0099,48,1936,10.0727,1015,0.0091,47,2116,10.07,1075,0.0115,42,1575,11.7086,886
120,6,1,7,43,49,0.0098,48,1936,10.0823,1015,0.0115,47,2116,10.0791,1075,0.0112,42,1575,11.656,886
120,6,1,8,43,50,0.0092,48,1936,10.0718,1015,0.0099,47,2116,10.0627,1075,0.0122,42,1575,11.6743,886
120,6,1,9,43,51,0.0091,48,1936,10.0626,1015,0.0104,47,2116,10.1057,1075,0.0124,42,1575,11.6482,886
120,6,2,0,44,42,0.0093,52,2447,10.0664,1357,0.0096,49,3069,10.07,1599,0.0128,46,2401,10.0603,1459
120,6,2,1,44,43,0.0105,52,2447,11.6452,1357,0.0102,49,3069,10.082,1598,0.0119,46,2401,10.064,1459
120,6,2,2,44,44,0.0103,52,2447,11.6644,1357,0.0104,49,3069,10.0749,1596,0.012,46,2401,10.0764,1459
120,6,2,3,44,45,0.0094,52,2447,11.7667,1357,0.0103,49,3069,10.0795,1599,0.0119,46,2401,10.078,1459
120,6,2,4,44,46,0.0095,52,2447,11.7498,1357,0.0103,49,3069,10.0677,1599,0.0121,46,2401,10.0818,1459
120,6,2,5,44,47,0.0095,52,2447,11.9536,1357,0.0106,49,3069,10.0671,1599,0.012,46,2401,10.0492,1459
120,6,2,6,44,48,0.0097,52,2447,10.0635,1357,0.0104,49,3069,11.9027,1599,0.012,46,2401,10.0639,1459
120,6,2,7,44,49,0.0096,52,2447,10.0667,1357,0.0103,49,3069,11.5796,1599,0.0129,46,2401,10.0627,1459
120,6,2,8,44,50,0.0106,52,2447,10.0717,1357,0.0102,49,3069,11.8909,1599,0.0129,46,2401,10.0817,1459
120,6,2,9,44,51,0.0096,52,2447,10.0698,1357,0.0097,49,3069,11.8999,1599,0.0145,46,2401,10.0673,1459
120,6,3,0,45,42,0.0098,49,2838,10.066,1455,0.0104,49,3142,10.0662,1522,0.0123,43,2900,11.9137,1503
120,6,3,1,45,43,0.0094,49,2838,10.0657,1455,0.0102,49,3142,10.0896,1512,0.0139,43,2900,11.766,1503
120,6,3,2,45,44,0.0095,49,2838,10.0713,1455,0.0098,49,3142,10.0828,1510,0.0122,43,2900,11.7046,1503
120,6,3,3,45,45,0.01,49,2838,10.0715,1455,0.0094,49,3142,10.0597,1518,0.0142,43,2900,11.6652,1503
120,6,3,4,45,46,0.0104,49,2838,10.0583,1455,0.0095,49,3142,10.0613,1510,0.0116,43,2900,11.8808,1503
120,6,3,5,45,47,0.01,49,2838,10.0741,1455,0.0095,49,3142,10.0705,1510,0.0132,43,2900,10.0649,1503
120,6,3,6,45,48,0.0098,49,2838,11.7115,1455,0.0094,49,3142,10.0753,1510,0.0118,43,2900,10.0635,1503
120,6,3,7,45,49,0.0099,49,2838,11.9525,1455,0.0093,49,3142,10.0661,1510,0.0131,43,2900,10.07,1503
120,6,3,8,45,50,0.0102,49,2838,11.9476,1455,0.0096,49,3142,10.0814,1510,0.0117,43,2900,10.0694,1503
120,6,3,9,45,51,0.0103,49,2838,11.9194,1455,0.0105,49,3142,10.0912,1510,0.0131,43,2900,10.0526,1503
120,6,4,0,46,42,0.0083,41,3092,11.7574,1740,0.0097,42,3960,10.0637,2235,0.0108,38,2575,10.0567,1805
120,6,4,1,46,43,0.0088,41,3092,10.0709,1740,0.0094,42,3960,11.8942,2235,0.0121,38,2575,10.1072,1805
120,6,4,2,46,44,0.0093,41,3092,10.0626,1740,0.0101,42,3960,11.734,2235,0.0107,38,2575,10.0723,1805
120,6,4,3,46,45,0.009,41,3092,10.061,1740,0.0092,42,3960,11.4859,2235,0.0108,38,2575,10.0619,1805
120,6,4,4,46,46,0.0089,41,3092,10.061,1740,0.009,42,3960,11.5463,2235,0.0111,38,2575,10.0575,1805
120,6,4,5,46,47,0.0087,41,3092,10.0587,1740,0.0093,42,3960,11.5966,2235,0.0108,38,2575,10.0734,1805
120,6,4,6,46,48,0.0087,41,3092,10.0591,1740,0.0092,42,3960,10.0749,2235,0.0109,38,2575,11.6071,1805
120,6,4,7,46,49,0.0088,41,3092,10.0769,1740,0.0091,42,3960,10.0602,2235,0.0108,38,2575,11.6413,1805
120,6,4,8,46,50,0.0088,41,3092,10.0687,1740,0.0095,42,3960,10.0798,2235,0.0109,38,2575,11.6499,1805
120,6,4,9,46,51,0.0089,41,3092,10.0703,1740,0.0091,42,3960,10.0542,2235,0.0117,38,2575,11.6662,1805
