n_of_job,n_of_family,problem,iteration,seed1,seed2,RKGA_P1_time,RKGA_P1_bin,RKGA_P1_fitness,BRKGA_P1_time,BRKGA_P1_bin,BRKGA_P1_fitness,OBRKGA_P1_time,OBRKGA_P1_bin,OBRKGA_P1_fitness
30,3,2,0,44,42,5.8763,14,100,4.8132,14,98,8.511,14,98
30,3,2,1,44,43,2.6801,14,100,5.6681,14,98,5.5539,14,98
30,3,2,2,44,44,5.6648,14,98,8.0749,14,98,6.8351,14,98
30,3,2,3,44,45,6.2821,14,98,4.4116,14,100,6.5639,14,98
30,3,2,4,44,46,7.494,14,98,5.5871,14,98,4.7791,14,98
30,3,2,5,44,47,5.0344,14,98,2.8219,14,100,6.01,14,98
30,3,2,6,44,48,4.5019,14,100,5.8545,14,98,6.1698,14,98
30,3,2,7,44,49,4.5256,14,100,5.1679,14,98,10.4591,14,98
30,3,2,8,44,50,5.4616,14,98,3.7038,14,100,6.4669,14,98
30,3,2,9,44,51,2.9034,14,100,5.2929,14,98,8.0518,14,98
30,3,2,10,44,52,4.4053,14,100,3.9587,14,100,5.6163,14,98
30,3,2,11,44,53,4.5753,14,100,4.1578,14,100,7.5178,14,98
30,3,2,12,44,54,4.5299,14,100,3.1229,14,100,3.8715,14,100
30,3,2,13,44,55,2.9214,14,98,4.9295,14,98,6.8045,14,98
30,3,2,14,44,56,4.2003,14,98,5.0565,14,98,4.8585,14,98
30,3,2,15,44,57,5.3923,14,98,5.9633,14,98,7.8061,14,98
30,3,2,16,44,58,4.0952,14,100,3.7309,14,100,5.217,14,98
30,3,2,17,44,59,3.4467,14,100,3.2718,14,98,4.915,14,98
30,3,2,18,44,60,7.7916,14,98,6.0611,14,98,6.1881,14,98
30,3,2,19,44,61,4.7982,14,98,4.8357,14,98,6.3964,14,98
30,3,2,20,44,62,5.6154,14,98,2.8162,14,98,6.4425,14,98
30,3,2,21,44,63,3.1096,14,100,5.3596,14,98,7.7225,14,98
30,3,2,22,44,64,5.0011,14,98,4.5344,14,98,6.4979,14,98
30,3,2,23,44,65,3.4214,14,100,3.5034,14,98,9.8638,14,98
30,3,2,24,44,66,4.6931,14,98,3.2981,14,98,4.6491,14,98
30,3,2,25,44,67,6.4144,14,98,3.8938,14,100,8.1425,14,98
30,3,2,26,44,68,5.7056,14,98,6.2104,14,98,7.1869,14,98
30,3,2,27,44,69,5.2457,14,100,5.7183,14,98,4.8528,14,98
30,3,2,28,44,70,3.4282,14,100,2.586,14,100,5.0648,14,98
30,3,2,29,44,71,5.7427,14,98,5.5805,14,100,4.9237,14,98
30,6,4,0,46,42,4.2867,10,127,3.8865,10,127,3.9312,10,127
30,6,4,1,46,43,2.4404,10,127,2.3882,10,127,6.2539,10,127
30,6,4,2,46,44,3.3646,10,130,2.3913,10,127,3.4424,10,127
30,6,4,3,46,45,2.0509,10,130,2.3414,10,127,3.158,10,127
30,6,4,4,46,46,1.9894,10,130,3.5115,10,127,4.885,10,127
30,6,4,5,46,47,3.5265,10,127,5.6567,10,127,5.004,10,127
30,6,4,6,46,48,3.3844,10,127,3.8741,10,127,6.0671,10,127
30,6,4,7,46,49,3.6429,10,127,3.5028,10,127,5.5666,10,127
30,6,4,8,46,50,2.0104,10,130,1.9726,10,130,3.1659,10,127
30,6,4,9,46,51,2.891,10,127,1.9692,10,130,3.673,10,127
30,6,4,10,46,52,3.3627,10,127,3.233,10,130,5.1059,10,127
30,6,4,11,46,53,2.47,10,127,3.5344,10,127,3.807,10,127
30,6,4,12,46,54,2.9983,10,127,2.4228,10,130,5.2486,10,127
30,6,4,13,46,55,4.585,10,127,6.157,10,127,4.6719,10,127
30,6,4,14,46,56,4.0056,10,127,2.4456,10,127,3.6014,10,127
30,6,4,15,46,57,3.4946,10,127,2.3203,10,130,4.5458,10,127
30,6,4,16,46,58,2.3884,10,130,4.2203,10,127,3.6652,10,127
30,6,4,17,46,59,2.217,10,127,3.4544,10,127,3.7997,10,127
30,6,4,18,46,60,2.8662,10,127,2.1013,10,130,4.4344,10,127
30,6,4,19,46,61,3.6822,10,127,2.3233,10,130,4.4802,10,127
30,6,4,20,46,62,2.9172,10,127,2.4794,10,127,5.5652,10,127
30,6,4,21,46,63,2.382,10,127,1.9802,10,130,5.6778,10,127
30,6,4,22,46,64,3.9497,10,127,4.5122,10,127,4.3101,10,127
30,6,4,23,46,65,2.7828,10,127,2.3002,10,130,4.9901,10,127
30,6,4,24,46,66,2.9551,10,127,2.826,10,127,3.9097,10,127
30,6,4,25,46,67,2.7721,10,127,2.0995,10,127,3.791,10,127
30,6,4,26,46,68,2.9318,10,127,3.6136,10,127,3.8347,10,127
30,6,4,27,46,69,3.5528,10,130,3.7345,10,127,3.8927,10,127
30,6,4,28,46,70,2.6228,10,127,1.9909,10,130,3.7863,10,127
30,6,4,29,46,71,2.3574,10,127,3.4577,10,127,3.5792,10,130
60,3,2,0,44,42,19.0917,21,428,13.1118,21,418,53.2825,21,357
60,3,2,1,44,43,22.2018,21,434,42.169,21,365,47.1788,21,375
60,3,2,2,44,44,28.78,21,438,41.5503,21,379,49.6543,21,373
60,3,2,3,44,45,15.8213,21,469,12.8732,21,451,26.6025,21,400
60,3,2,4,44,46,19.4661,21,435,43.0788,21,357,46.5546,21,361
60,3,2,5,44,47,17.2278,21,449,30.3936,21,394,30.7637,21,391
60,3,2,6,44,48,19.6382,21,452,38.7453,21,378,58.1733,21,381
60,3,2,7,44,49,11.1281,21,446,33.3239,21,359,63.4534,21,372
60,3,2,8,44,50,11.6212,21,445,12.5723,21,476,49.0894,21,362
60,3,2,9,44,51,16.8661,21,442,40.8001,21,367,51.1737,21,358
60,3,2,10,44,52,31.982,21,416,34.452,21,357,42.1097,21,371
60,3,2,11,44,53,21.3131,21,433,13.2701,21,460,49.7662,21,365
60,3,2,12,44,54,24.8283,21,421,41.9477,21,360,22.5316,21,412
60,3,2,13,44,55,18.7313,21,436,41.997,21,369,48.4458,21,354
60,3,2,14,44,56,14.3655,21,421,22.1109,21,417,21.8324,21,405
60,3,2,15,44,57,18.0405,21,438,20.2579,21,449,40.914,21,371
60,3,2,16,44,58,19.6077,21,412,33.2555,21,381,54.8537,21,362
60,3,2,17,44,59,20.1002,21,430,48.4691,21,365,47.1414,21,380
60,3,2,18,44,60,28.9363,21,424,20.9947,21,400,43.9686,21,365
60,3,2,19,44,61,17.8738,21,453,21.7938,21,385,55.5435,21,357
60,3,2,20,44,62,40.4152,21,413,43.5408,21,371,48.1465,21,370
60,3,2,21,44,63,20.5672,21,434,39.2232,21,388,50.3993,21,362
60,3,2,22,44,64,15.7939,21,447,26.0021,21,397,46.2973,21,371
60,3,2,23,44,65,10.409,21,490,23.7274,21,410,13.9821,21,444
60,3,2,24,44,66,24.9291,21,426,14.6312,21,452,44.8751,21,371
60,3,2,25,44,67,23.5301,21,417,38.8927,21,369,44.8075,21,359
60,3,2,26,44,68,21.9461,21,421,51.6643,21,358,39.548,21,364
60,3,2,27,44,69,14.1262,21,458,29.0694,21,413,51.9511,21,370
60,3,2,28,44,70,23.0207,21,427,21.259,21,379,49.8452,21,355
60,3,2,29,44,71,18.9457,21,441,22.1328,21,424,52.1328,21,378
60,6,3,0,45,42,17.3115,28,540,32.5306,28,520,56.1169,28,499
60,6,3,1,45,43,22.7813,28,526,16.6096,28,530,36.36,28,489
60,6,3,2,45,44,20.0076,28,528,7.4225,28,547,17.5784,28,529
60,6,3,3,45,45,28.8025,28,511,37.4224,28,491,39.1122,28,520
60,6,3,4,45,46,24.6601,28,507,13.5769,28,529,38.8554,28,508
60,6,3,5,45,47,16.8452,28,531,19.2116,28,513,43.6043,28,483
60,6,3,6,45,48,18.1438,28,536,26.0352,28,506,35.9022,28,507
60,6,3,7,45,49,32.7275,28,510,8.4506,28,542,18.4106,28,532
60,6,3,8,45,50,25.3723,28,519,19.9043,28,530,42.9143,28,492
60,6,3,9,45,51,24.1931,28,532,37.5557,28,494,40.4525,28,490
60,6,3,10,45,52,28.3198,28,531,9.0658,28,539,33.9872,28,520
60,6,3,11,45,53,34.6423,28,512,26.0608,28,520,39.2815,28,521
60,6,3,12,45,54,16.3699,28,522,19.4989,28,525,46.0713,28,494
60,6,3,13,45,55,15.6883,28,533,28.5165,28,528,41.3036,28,499
60,6,3,14,45,56,19.4011,28,530,13.1127,28,538,54.0844,28,509
60,6,3,15,45,57,21.9172,28,526,45.2688,28,483,35.9624,28,489
60,6,3,16,45,58,20.49,28,522,42.7704,28,510,24.6589,28,521
60,6,3,17,45,59,23.9385,28,529,30.3399,28,517,42.8477,28,508
60,6,3,18,45,60,26.7369,28,527,13.7839,28,545,46.6049,28,488
60,6,3,19,45,61,18.3751,28,533,29.867,28,519,44.4527,28,517
60,6,3,20,45,62,24.2122,28,535,14.6637,28,528,48.6699,28,510
60,6,3,21,45,63,18.9258,28,530,40.0031,28,513,42.7007,28,514
60,6,3,22,45,64,16.9536,28,533,33.8727,28,491,74.2592,28,489
60,6,3,23,45,65,20.295,28,520,28.8127,28,501,43.2806,28,491
60,6,3,24,45,66,36.5586,28,527,19.6724,28,542,32.6361,28,521
60,6,3,25,45,67,8.9869,28,543,44.4393,28,491,34.2358,28,526
60,6,3,26,45,68,22.8095,28,524,11.6267,28,541,21.0816,28,525
60,6,3,27,45,69,23.4783,28,531,43.8878,28,526,41.8082,28,515
60,6,3,28,45,70,15.7114,28,540,42.0861,28,489,45.0486,28,491
60,6,3,29,45,71,38.0491,28,526,40.1584,28,491,62.3268,28,483
120,3,0,0,42,42,24.3212,41,2251,21.4015,41,2251,183.172,41,1317
120,3,0,1,42,43,26.1994,41,2251,140.6035,41,1419,164.7632,41,1331
120,3,0,2,42,44,26.6029,41,2251,163.4821,41,1386,34.3122,41,2251
120,3,0,3,42,45,21.5821,41,2251,130.7682,41,1356,170.7016,41,1336
120,3,0,4,42,46,26.8164,41,2251,158.8267,41,1345,168.3388,41,1354
120,3,0,5,42,47,20.0779,41,2251,112.479,41,1441,175.2576,41,1302
120,3,0,6,42,48,19.8843,41,2251,22.8885,41,2251,145.5125,41,1422
120,3,0,7,42,49,25.5522,41,2251,134.5127,41,1370,124.6861,41,1380
120,3,0,8,42,50,24.2701,41,2251,24.215,41,2251,183.4391,41,1394
120,3,0,9,42,51,25.011,41,2251,20.4414,41,2251,156.1428,41,1341
120,3,0,10,42,52,20.4521,41,2251,148.604,41,1348,189.0477,41,1340
120,3,0,11,42,53,19.7976,41,2251,132.3143,41,1437,167.6746,41,1334
120,3,0,12,42,54,20.7159,41,2251,139.2202,41,1379,146.1789,41,1387
120,3,0,13,42,55,19.6463,41,2251,21.1264,41,2251,187.374,41,1334
120,3,0,14,42,56,25.4838,41,2251,148.1863,41,1334,169.4297,41,1389
120,3,0,15,42,57,20.1014,41,2251,151.0969,41,1380,135.843,41,1389
120,3,0,16,42,58,24.2478,41,2251,133.6591,41,1372,150.4571,41,1419
120,3,0,17,42,59,25.1113,41,2251,124.9788,41,1368,148.4093,41,1366
120,3,0,18,42,60,19.4717,41,2251,117.0117,41,1383,168.8488,41,1331
120,3,0,19,42,61,19.3078,41,2251,21.0942,41,2251,151.2254,41,1347
120,3,0,20,42,62,21.062,41,2251,203.3643,41,1332,155.0345,41,1291
120,3,0,21,42,63,24.7076,41,2251,24.1021,41,2251,142.0713,41,1415
120,3,0,22,42,64,22.1062,41,2251,132.5153,41,1321,181.1936,41,1415
120,3,0,23,42,65,21.0936,41,2251,19.628,41,2251,160.9531,41,1333
120,3,0,24,42,66,25.2641,41,2251,134.3397,41,1333,187.0733,41,1345
120,3,0,25,42,67,26.1957,41,2251,148.7391,41,1366,150.9802,41,1440
120,3,0,26,42,68,25.8687,41,2251,127.8418,41,1353,167.0437,41,1327
120,3,0,27,42,69,25.9019,41,2251,166.7039,41,1335,190.2354,41,1356
120,3,0,28,42,70,20.0387,41,2251,26.2383,41,2251,41.9514,41,2251
120,3,0,29,42,71,24.396,41,2251,20.9588,41,2251,215.5068,41,1288
120,6,3,0,45,42,38.8393,42,2515,205.4901,42,1451,198.5008,42,1431
120,6,3,1,45,43,48.2339,42,2592,156.6863,42,1388,221.1127,42,1458
120,6,3,2,45,44,101.7955,42,2322,77.2055,42,1898,215.2505,42,1525
120,6,3,3,45,45,41.417,43,2361,214.1809,42,1381,164.4913,42,1436
120,6,3,4,45,46,82.6318,42,2130,71.5429,42,1707,259.6371,42,1449
120,6,3,5,45,47,80.2531,42,2275,220.9264,42,1413,213.0724,42,1426
120,6,3,6,45,48,33.3588,42,2445,176.4944,42,1387,146.7903,42,1448
120,6,3,7,45,49,122.5799,42,2046,169.9929,42,1385,255.0362,42,1389
120,6,3,8,45,50,73.961,42,2370,188.7089,42,1425,226.0681,42,1377
120,6,3,9,45,51,64.2993,42,2579,51.7593,42,1988,227.6292,42,1405
120,6,3,10,45,52,101.6639,42,2235,168.8519,42,1437,242.6125,42,1336
120,6,3,11,45,53,30.6316,43,2320,252.4369,42,1407,222.761,42,1351
120,6,3,12,45,54,77.0537,42,2318,154.7017,42,1419,181.1755,42,1396
120,6,3,13,45,55,107.0933,42,2348,170.0536,42,1431,195.8937,42,1464
120,6,3,14,45,56,63.3338,42,2382,192.9452,42,1421,218.7078,42,1399
120,6,3,15,45,57,65.6925,42,2271,78.2912,42,2011,197.0684,42,1435
120,6,3,16,45,58,59.347,42,2443,189.6136,42,1401,219.1369,42,1470
120,6,3,17,45,59,52.0326,42,2528,205.9075,42,1421,170.7225,42,1447
120,6,3,18,45,60,56.9102,42,2764,62.511,42,2287,197.6958,42,1359
120,6,3,19,45,61,45.6714,42,2464,208.6712,42,1365,230.277,42,1415
120,6,3,20,45,62,71.4297,42,2163,121.4694,42,1524,60.6285,42,2016
120,6,3,21,45,63,24.8114,42,2805,180.8796,42,1433,238.4566,42,1378
120,6,3,22,45,64,116.0282,42,2337,173.7517,42,1417,56.8148,42,2160
120,6,3,23,45,65,79.8087,42,2238,58.7277,42,2150,146.2763,42,1375
120,6,3,24,45,66,36.5531,42,2469,70.048,42,2028,206.1416,42,1412
120,6,3,25,45,67,43.0049,42,2624,225.1365,42,1409,158.6101,42,1514
120,6,3,26,45,68,88.5002,42,2028,203.3287,42,1398,166.6477,42,1432
120,6,3,27,45,69,129.3219,42,2182,165.1833,42,1375,183.2918,42,1422
120,6,3,28,45,70,29.7587,42,2609,140.2788,42,1416,243.4243,42,1463
120,6,3,29,45,71,81.4092,42,2335,88.6914,42,1606,315.9336,42,1391
