n_of_job,n_of_family,problem,iteration,seed1,seed2,SA_P1_time,SA_P1_bin,SA_P1_fitness,SA_CP_time,SA_CP_fitness,Tabu_P1_time,TabuA_P1_bin,Tabu_P1_fitness,Tabu_CP_time,Tabu_CP_fitness
30,3,0,0,42,42,10.3259,11,131,1.2219,123,7.5046,11,131,1.4109,123
30,3,0,1,42,43,9.2627,11,131,1.3343,123,7.9979,11,131,2.5532,123
30,3,0,2,42,44,9.2719,11,131,1.3155,123,7.5969,11,131,1.4514,123
30,3,0,3,42,45,9.1059,11,131,1.3653,123,8.2561,11,131,1.4841,123
30,3,0,4,42,46,9.2291,11,131,1.5068,123,7.7,11,131,1.4627,123
30,3,0,5,42,47,10.3338,11,131,1.3659,123,7.5449,11,131,1.4314,123
30,3,0,6,42,48,9.1968,11,131,1.4111,123,8.4427,11,131,1.4975,123
30,3,0,7,42,49,9.2739,11,131,1.2687,123,7.3819,11,131,1.4271,123
30,3,0,8,42,50,9.4057,11,131,2.6771,123,7.2823,11,131,1.4156,123
30,3,0,9,42,51,9.2168,11,131,1.3182,123,7.5742,11,131,1.6522,123
30,3,1,0,43,42,9.6339,10,43,0.6565,41,7.0306,10,42,0.6352,38
30,3,1,1,43,43,8.6652,10,42,0.6964,38,7.308,10,51,0.6434,43
30,3,1,2,43,44,9.7863,10,38,0.5852,36,6.8671,10,41,0.627,41
30,3,1,3,43,45,8.6177,10,41,0.5756,35,7.5075,10,38,1.7015,36
30,3,1,4,43,46,8.9037,10,42,0.6484,40,7.042,10,41,0.573,35
30,3,1,5,43,47,9.0301,10,42,0.7323,40,8.5512,10,42,0.7035,40
30,3,1,6,43,48,8.4756,10,41,0.599,41,6.8796,10,41,0.64,41
30,3,1,7,43,49,8.5209,10,41,0.6525,41,8.1445,10,41,0.6303,35
30,3,1,8,43,50,8.7217,10,41,0.6402,41,7.8726,10,41,0.6366,41
30,3,1,9,43,51,8.5914,10,42,0.6765,38,8.0761,10,41,0.6723,35
30,3,2,0,44,42,10.0648,14,100,5.9136,82,8.0532,14,98,6.3744,88
30,3,2,1,44,43,9.9862,14,100,5.4908,82,8.0721,14,98,4.8072,88
30,3,2,2,44,44,11.4314,14,98,4.4466,88,7.8804,14,98,3.8388,88
30,3,2,3,44,45,11.6536,14,100,6.393,82,7.8246,14,98,4.0343,88
30,3,2,4,44,46,11.6767,14,100,5.9612,82,7.2316,14,100,6.7275,82
30,3,2,5,44,47,10.3832,14,98,5.8819,88,7.6039,14,98,5.4972,88
30,3,2,6,44,48,10.2807,14,98,4.0784,88,9.0592,14,98,5.1234,88
30,3,2,7,44,49,10.531,14,100,6.7134,82,8.8718,14,100,6.6615,82
30,3,2,8,44,50,14.2083,14,100,8.1981,82,7.7698,14,98,4.7102,88
30,3,2,9,44,51,10.3298,14,100,3.9338,87,14.8481,14,100,9.3515,82
30,3,3,0,45,42,21.1971,12,128,7.3092,117,25.994,12,128,8.4124,117
30,3,3,1,45,43,21.8876,12,128,6.7287,117,25.4313,12,128,8.1791,117
30,3,3,2,45,44,20.1018,12,128,9.5741,117,23.3741,12,128,8.3906,117
30,3,3,3,45,45,18.3927,12,129,6.6667,117,24.1263,12,128,10.1438,119
30,3,3,4,45,46,19.8214,12,129,6.0755,117,24.3223,12,128,7.3249,117
30,3,3,5,45,47,19.6695,12,128,10.048,117,24.4636,12,128,8.0665,117
30,3,3,6,45,48,20.3738,12,128,8.8927,117,24.4163,12,128,7.7061,117
30,3,3,7,45,49,19.5965,12,128,7.7561,117,22.2898,12,128,9.6835,117
30,3,3,8,45,50,19.2782,12,128,7.8027,117,23.8343,12,130,11.1946,130
30,3,3,9,45,51,18.6454,12,128,8.626,117,23.6294,12,128,9.512,117
30,3,4,0,46,42,15.7717,8,71,0.7588,68,19.5936,8,71,0.1836,68
30,3,4,1,46,43,16.2726,8,71,0.1803,68,20.5772,8,71,0.1825,68
30,3,4,2,46,44,15.2257,8,73,0.7173,72,20.984,8,73,0.7463,72
30,3,4,3,46,45,14.4404,8,71,0.8093,68,20.9326,8,71,0.2959,68
30,3,4,4,46,46,14.9722,8,71,0.7528,68,24.0622,8,73,0.8975,72
30,3,4,5,46,47,14.7091,8,71,0.2202,68,25.3387,8,73,0.9266,72
30,3,4,6,46,48,15.8723,8,72,0.89,68,23.0511,8,71,0.158,68
30,3,4,7,46,49,15.8591,8,71,0.2566,68,24.923,8,73,0.8729,72
30,3,4,8,46,50,14.8033,8,71,0.8662,68,25.1021,8,73,0.8369,72
30,3,4,9,46,51,15.77,8,71,0.9001,68,24.9652,8,71,0.1815,68
30,6,0,0,42,42,21.0818,12,77,10.1251,75,27.8149,12,77,10.1123,73
30,6,0,1,42,43,20.2956,12,77,10.1436,73,28.2887,12,77,10.1172,73
30,6,0,2,42,44,19.6064,12,77,10.1231,75,28.076,12,77,10.1361,75
30,6,0,3,42,45,21.8203,12,77,10.147,73,27.7347,12,77,10.0892,73
30,6,0,4,42,46,20.6652,12,77,10.0818,75,27.5382,12,77,10.1307,73
30,6,0,5,42,47,20.922,12,77,10.1104,73,27.799,12,77,10.1435,73
30,6,0,6,42,48,19.8269,12,77,10.0906,75,27.9823,12,77,11.3385,73
30,6,0,7,42,49,18.4947,12,77,10.1492,73,27.953,12,77,11.3724,75
30,6,0,8,42,50,18.2345,12,77,10.121,73,27.983,12,77,11.324,73
30,6,0,9,42,51,19.0799,12,77,10.0822,75,28.0709,12,77,11.3271,73
30,6,1,0,43,42,18.777,12,76,3.3613,69,28.0429,12,76,2.8255,69
30,6,1,1,43,43,20.011,12,76,2.8546,69,28.0647,12,76,2.9974,69
30,6,1,2,43,44,19.1438,12,76,4.3773,69,26.5452,12,76,2.9072,69
30,6,1,3,43,45,19.7449,12,76,3.0342,69,28.2989,12,76,3.3385,69
30,6,1,4,43,46,21.2034,12,76,2.9919,69,27.923,12,76,2.883,69
30,6,1,5,43,47,20.9089,12,76,3.4199,69,27.1873,12,76,2.9938,69
30,6,1,6,43,48,19.7518,12,76,3.4698,69,27.9597,12,76,3.4535,69
30,6,1,7,43,49,19.9736,12,76,3.5219,69,27.3532,12,76,4.1945,69
30,6,1,8,43,50,18.3736,12,76,3.232,69,28.1579,12,76,3.4682,69
30,6,1,9,43,51,20.0697,12,76,2.9673,69,28.0894,12,76,4.2299,69
30,6,2,0,44,42,23.9547,15,104,10.1197,94,30.5502,15,107,10.1614,96
30,6,2,1,44,43,24.0031,15,104,10.1018,94,30.3172,15,107,10.1426,96
30,6,2,2,44,44,21.8611,15,104,11.5454,94,29.6781,15,107,10.1058,96
30,6,2,3,44,45,22.6856,15,104,10.1222,94,30.1406,15,107,10.099,96
30,6,2,4,44,46,22.9674,15,104,9.8521,94,30.1283,15,104,10.1552,94
30,6,2,5,44,47,22.459,15,104,10.1167,94,30.3385,15,107,11.0209,96
30,6,2,6,44,48,22.0739,15,104,11.0078,94,30.6089,15,104,10.112,94
30,6,2,7,44,49,23.1718,15,104,10.1224,94,30.2657,15,104,9.1401,94
30,6,2,8,44,50,24.6163,15,104,10.079,94,30.0071,15,104,9.8732,94
30,6,2,9,44,51,23.1607,15,104,10.1311,94,30.3384,15,107,10.5925,96
30,6,3,0,45,42,22.8416,15,112,11.2209,92,28.8129,15,111,10.1574,99
30,6,3,1,45,43,24.5953,15,103,10.1552,91,29.1196,15,103,10.8283,89
30,6,3,2,45,44,23.0391,15,103,10.8938,91,28.9451,15,103,10.9584,91
30,6,3,3,45,45,21.3643,15,103,11.0653,90,29.6661,15,103,10.0963,90
30,6,3,4,45,46,23.4827,15,103,10.1042,91,29.4053,15,113,10.1494,103
30,6,3,5,45,47,22.2367,15,103,10.0845,90,29.8789,15,103,10.1526,91
30,6,3,6,45,48,21.7522,15,103,10.1253,90,29.7253,15,103,10.9927,91
30,6,3,7,45,49,20.7155,15,103,10.1039,91,29.7243,15,103,11.0267,90
30,6,3,8,45,50,22.5011,15,103,11.0542,90,30.0886,15,103,10.1734,90
30,6,3,9,45,51,23.3139,15,113,10.1164,102,30.3176,15,103,10.1503,90
30,6,4,0,46,42,19.1944,10,127,1.3492,127,27.9351,10,127,1.4488,127
30,6,4,1,46,43,18.1472,10,127,1.3488,127,27.3619,10,127,1.4458,127
30,6,4,2,46,44,19.02,10,127,1.4951,127,27.5459,10,127,1.5396,127
30,6,4,3,46,45,19.3862,10,127,1.1756,127,27.9266,10,127,1.4125,127
30,6,4,4,46,46,19.7585,10,127,1.3135,127,27.8144,10,127,1.2573,127
30,6,4,5,46,47,17.7227,10,127,1.2456,127,27.713,10,127,1.2919,127
30,6,4,6,46,48,20.1248,10,130,0.975,122,26.6771,10,127,2.5334,127
30,6,4,7,46,49,17.8918,10,127,1.4743,127,27.3386,10,127,1.3027,127
30,6,4,8,46,50,19.1361,10,127,1.4125,127,26.1561,10,127,1.3294,127
30,6,4,9,46,51,18.7707,10,127,1.4802,127,27.9206,10,127,1.2599,127
60,3,0,0,42,42,64.9858,25,508,10.1239,448,61.8211,25,506,10.0801,436
60,3,0,1,42,43,63.4165,25,515,10.1717,435,62.6252,25,444,11.3257,425
60,3,0,2,42,44,63.4957,25,489,10.1102,426,62.4232,25,480,10.1276,424
60,3,0,3,42,45,66.5195,25,498,10.1531,398,62.9376,25,495,11.5031,448
60,3,0,4,42,46,62.8352,25,545,11.3996,484,61.3664,25,475,10.0781,406
60,3,0,5,42,47,65.1271,25,519,10.1289,407,62.0489,25,486,10.1069,442
60,3,0,6,42,48,66.7944,25,488,10.1438,445,63.1947,25,491,10.1824,427
60,3,0,7,42,49,68.8635,25,480,11.4544,421,62.5753,25,469,10.1231,407
60,3,0,8,42,50,65.1282,25,474,10.1286,445,63.3266,25,450,10.0811,392
60,3,0,9,42,51,65.3877,25,470,11.4758,447,62.0008,25,477,11.5106,436
60,3,1,0,43,42,56.3224,21,191,11.6656,182,57.1009,21,184,11.5585,173
60,3,1,1,43,43,61.7896,21,194,10.0889,182,58.2328,21,194,10.1038,169
60,3,1,2,43,44,58.9458,21,201,10.1569,178,57.8209,21,187,10.1119,163
60,3,1,3,43,45,56.5996,21,200,11.518,177,57.2116,21,188,11.4972,164
60,3,1,4,43,46,57.2798,21,190,11.501,171,56.8308,21,189,11.4879,174
60,3,1,5,43,47,58.6609,21,207,11.5189,189,64.3949,21,188,10.1048,170
60,3,1,6,43,48,58.5052,21,194,10.1235,169,63.5793,21,195,10.1268,178
60,3,1,7,43,49,60.1095,21,187,10.1045,174,63.1444,21,183,11.55,169
60,3,1,8,43,50,66.9699,21,206,10.1141,188,63.1365,21,180,10.1159,164
60,3,1,9,43,51,59.0266,21,202,10.1267,163,61.2446,21,185,10.1683,169
60,3,2,0,44,42,61.8058,21,376,10.1265,342,63.7282,21,394,11.5467,375
60,3,2,1,44,43,56.6593,21,409,11.6022,380,62.0974,21,376,11.5993,337
60,3,2,2,44,44,56.4005,21,377,11.5449,350,62.9311,21,435,10.1726,405
60,3,2,3,44,45,58.4152,21,392,10.1051,347,64.7678,21,365,10.1293,344
60,3,2,4,44,46,58.4213,21,384,10.134,380,64.3916,21,389,10.1256,355
60,3,2,5,44,47,60.1305,21,374,11.5652,357,63.5677,21,363,11.792,340
60,3,2,6,44,48,59.5957,21,392,10.1095,343,63.0248,21,375,10.1408,350
60,3,2,7,44,49,60.8814,21,397,10.0921,369,64.4471,21,379,10.1499,355
60,3,2,8,44,50,64.6008,21,405,11.5619,357,61.2947,21,373,11.6345,355
60,3,2,9,44,51,59.6407,21,388,10.1057,357,62.9154,21,371,10.0914,332
60,3,3,0,45,42,67.809,27,650,10.1466,571,70.2732,27,615,11.6893,541
60,3,3,1,45,43,65.8566,26,709,10.1447,597,68.1718,27,642,10.1751,553
60,3,3,2,45,44,73.0394,26,705,10.1342,608,68.4685,26,683,10.8742,603
60,3,3,3,45,45,73.8151,27,617,10.1033,545,68.8958,27,603,11.0078,540
60,3,3,4,45,46,69.5752,26,703,10.1629,604,70.501,27,621,10.1322,532
60,3,3,5,45,47,72.5183,27,640,10.1256,536,67.706,27,680,10.1595,566
60,3,3,6,45,48,74.2393,26,692,11.4463,602,70.3565,27,636,10.1286,543
60,3,3,7,45,49,69.7742,26,704,11.4218,598,69.4993,26,720,10.1252,654
60,3,3,8,45,50,73.8747,27,654,10.0839,536,72.186,27,624,10.1239,536
60,3,3,9,45,51,69.3971,26,666,10.1111,594,69.3925,27,593,11.287,518
60,3,4,0,46,42,53.1487,19,374,11.4907,333,55.6995,19,332,11.2674,306
60,3,4,1,46,43,55.3537,19,337,11.3432,295,54.9342,19,326,11.3365,288
60,3,4,2,46,44,52.5622,19,346,10.0857,315,55.1958,19,339,10.0932,320
60,3,4,3,46,45,59.6132,19,398,10.0965,374,55.6401,19,338,10.1171,327
60,3,4,4,46,46,57.2481,19,379,10.1111,334,56.3742,19,338,10.1642,315
60,3,4,5,46,47,53.2955,19,361,10.1467,302,55.6769,19,341,10.1077,321
60,3,4,6,46,48,60.0522,19,360,10.1521,346,60.9446,19,339,10.1011,319
60,3,4,7,46,49,56.82,19,343,10.1679,290,58.0627,19,334,10.1368,286
60,3,4,8,46,50,56.0806,19,354,10.1137,328,57.5565,19,328,10.1092,309
60,3,4,9,46,51,55.28,19,358,10.1039,325,56.8618,19,329,10.1319,298
60,6,0,0,42,42,68.5325,25,480,11.6454,437,68.1561,25,477,10.1012,440
60,6,0,1,42,43,67.374,25,467,10.1208,425,65.9958,25,436,10.1189,406
60,6,0,2,42,44,66.3259,25,474,11.5934,424,66.2671,25,455,10.156,432
60,6,0,3,42,45,65.7848,25,497,10.08,439,67.2717,25,453,11.5946,411
60,6,0,4,42,46,68.1642,25,473,10.1151,437,67.5723,25,488,10.1262,460
60,6,0,5,42,47,66.5561,25,463,11.5585,414,65.1535,25,504,11.5564,444
60,6,0,6,42,48,66.4154,25,486,10.1153,440,66.986,25,512,10.1805,465
60,6,0,7,42,49,65.7711,25,461,11.6405,407,66.3498,25,464,10.1049,418
60,6,0,8,42,50,65.6732,25,467,10.1232,415,67.9081,25,491,10.1468,439
60,6,0,9,42,51,76.1696,25,507,10.0893,447,68.7693,25,483,10.1213,447
60,6,1,0,43,42,65.9318,24,306,11.6609,259,63.7919,24,290,11.6509,269
60,6,1,1,43,43,63.1677,24,296,10.1204,231,69.3142,24,298,10.1742,222
60,6,1,2,43,44,64.0549,24,328,10.1185,232,64.3216,24,320,11.6572,257
60,6,1,3,43,45,71.8311,24,326,10.0898,260,67.0326,24,306,10.0828,246
60,6,1,4,43,46,64.3506,24,318,11.5346,255,67.8859,24,307,10.192,243
60,6,1,5,43,47,67.0578,24,291,10.1093,265,68.1751,24,304,11.5145,266
60,6,1,6,43,48,67.2992,24,314,10.1621,228,67.2153,24,309,10.1326,232
60,6,1,7,43,49,65.2188,24,296,10.1612,245,66.3664,24,303,11.7113,271
60,6,1,8,43,50,66.6662,24,316,10.1285,273,65.2054,24,334,10.1129,276
60,6,1,9,43,51,67.6627,24,337,10.101,251,66.6594,24,300,11.5811,247
60,6,2,0,44,42,63.6498,23,374,10.141,348,65.0491,23,348,10.0984,328
60,6,2,1,44,43,69.4734,23,371,11.5629,304,63.8678,23,375,11.5224,332
60,6,2,2,44,44,67.146,23,365,10.1478,324,66.227,23,368,10.1287,323
60,6,2,3,44,45,63.8423,23,389,11.6007,332,64.171,23,368,11.5973,314
60,6,2,4,44,46,68.5152,23,372,10.1416,323,66.4922,23,345,10.1015,322
60,6,2,5,44,47,65.0504,23,364,11.6149,308,64.0061,23,376,10.1146,325
60,6,2,6,44,48,64.8883,23,403,10.0994,343,66.2936,23,372,10.1093,347
60,6,2,7,44,49,64.4833,23,375,11.5705,325,63.6157,23,362,11.6884,338
60,6,2,8,44,50,69.6596,23,382,10.1591,331,67.1935,23,364,10.0638,305
60,6,2,9,44,51,65.4501,23,371,11.7105,322,64.6291,23,350,10.1313,322
60,6,3,0,45,42,72.314,28,521,10.1381,437,71.9224,28,505,11.6607,453
60,6,3,1,45,43,70.6085,28,524,10.1253,465,70.4123,28,538,11.629,489
60,6,3,2,45,44,70.6545,28,522,10.1276,404,71.7216,28,535,10.1277,437
60,6,3,3,45,45,78.6668,28,517,10.1061,465,71.6803,28,516,10.1107,424
60,6,3,4,45,46,68.9717,28,531,11.724,407,70.1757,28,505,10.1829,452
60,6,3,5,45,47,71.2027,28,506,11.7009,400,71.0298,28,505,10.1159,430
60,6,3,6,45,48,81.41,28,519,11.8434,450,70.011,28,519,10.1813,444
60,6,3,7,45,49,70.5092,28,537,10.158,434,73.0391,28,528,10.1271,440
60,6,3,8,45,50,70.044,28,540,10.1162,460,71.1097,28,521,11.788,444
60,6,3,9,45,51,75.7037,28,533,10.1465,448,71.7277,28,505,11.7128,452
60,6,4,0,46,42,55.7996,19,390,11.7115,390,58.7187,19,372,11.7195,344
60,6,4,1,46,43,55.6614,19,411,11.741,401,62.6779,20,371,10.1787,358
60,6,4,2,46,44,55.9621,19,416,11.7155,355,60.3849,19,386,10.1228,355
60,6,4,3,46,45,64.8804,19,402,10.1532,374,61.1238,19,372,10.1469,344
60,6,4,4,46,46,63.0873,19,397,10.1269,334,61.6296,19,388,10.1507,325
60,6,4,5,46,47,57.5292,19,379,10.1206,331,62.5562,19,376,11.8201,343
60,6,4,6,46,48,59.5226,19,413,11.7769,395,61.4233,19,386,10.1228,355
60,6,4,7,46,49,59.7033,19,410,10.1157,367,59.4832,19,386,10.1422,354
60,6,4,8,46,50,57.9519,19,379,10.1105,329,62.4439,19,371,10.1147,362
60,6,4,9,46,51,60.3531,19,375,10.0885,323,62.2484,19,388,10.077,325
120,3,0,0,42,42,211.5134,41,1464,11.8325,1340,144.0308,42,1430,10.2077,1384
120,3,0,1,42,43,204.4194,41,1629,11.7458,1432,147.8429,42,1405,10.1089,1221
120,3,0,2,42,44,206.8803,42,1489,11.9445,1343,145.9919,42,1390,10.1281,1371
120,3,0,3,42,45,213.4895,42,1516,10.1093,1449,146.6531,41,1515,11.8105,1334
120,3,0,4,42,46,214.2187,42,1385,10.1676,1273,146.4961,41,1558,11.8592,1440
120,3,0,5,42,47,205.8994,42,1401,10.1195,1369,141.139,42,1411,11.7184,1312
120,3,0,6,42,48,201.818,41,1625,10.1069,1416,151.8744,42,1360,11.7947,1270
120,3,0,7,42,49,209.0621,41,1579,10.1249,1473,146.0027,41,1518,11.7156,1395
120,3,0,8,42,50,200.0162,42,1495,10.1538,1404,146.1914,42,1442,11.6502,1363
120,3,0,9,42,51,199.2651,41,1567,11.963,1469,148.4115,42,1292,10.1145,1172
120,3,1,0,43,42,200.4754,40,914,11.8137,650,139.7782,40,811,10.1252,652
120,3,1,1,43,43,216.6965,41,1005,11.8516,689,140.1078,40,754,10.1415,589
120,3,1,2,43,44,206.3846,41,839,10.0989,571,143.3666,41,785,10.1026,564
120,3,1,3,43,45,203.7288,40,903,10.0925,665,144.7449,40,817,11.9,564
120,3,1,4,43,46,201.5198,40,957,10.1364,653,143.3833,40,778,11.8328,583
120,3,1,5,43,47,194.1526,40,841,11.7274,554,141.4811,40,941,10.1604,643
120,3,1,6,43,48,180.5861,41,903,11.8437,612,145.9746,40,852,10.1007,590
120,3,1,7,43,49,207.3773,40,927,11.9089,660,139.6292,40,779,10.0862,532
120,3,1,8,43,50,207.215,40,833,10.1446,608,147.1213,40,835,10.1385,593
120,3,1,9,43,51,193.2894,41,847,10.1019,652,149.8607,40,969,11.9894,656
120,3,2,0,44,42,218.4459,41,1937,10.1131,1592,149.8303,42,1823,10.1223,1528
120,3,2,1,44,43,210.2956,41,1724,12.1291,1421,148.0557,40,1622,10.1286,1554
120,3,2,2,44,44,169.7377,41,2108,11.8076,1644,54.51,41,1683,11.8023,1407
120,3,2,3,44,45,91.9856,41,1899,11.8553,1607,54.5026,42,1694,11.8573,1535
120,3,2,4,44,46,93.3636,40,1800,11.8319,1558,55.8624,41,1748,11.8817,1530
120,3,2,5,44,47,94.584,41,1788,11.8856,1504,56.4825,41,1798,11.9833,1542
120,3,2,6,44,48,95.8907,41,1676,10.0639,1464,58.5106,41,1741,10.0721,1385
120,3,2,7,44,49,93.1094,41,1854,10.0517,1534,54.9809,42,1738,11.8344,1450
120,3,2,8,44,50,95.4742,41,1796,10.0604,1534,57.4703,42,1495,10.0764,1379
120,3,2,9,44,51,95.9056,41,1809,10.0654,1563,58.5589,41,1581,10.0737,1476
120,3,3,0,45,42,98.3784,43,1789,10.0621,1333,57.6797,42,1873,10.0672,1553
120,3,3,1,45,43,100.4385,43,2013,10.0523,1711,58.5725,42,1911,10.0703,1454
120,3,3,2,45,44,99.7036,42,2183,11.8085,1537,58.9777,42,1781,11.8002,1459
120,3,3,3,45,45,97.3259,43,1753,10.0565,1482,59.8694,43,1630,10.0817,1376
120,3,3,4,45,46,98.5987,42,1689,10.0662,1452,59.8397,43,1504,10.0614,1366
120,3,3,5,45,47,94.6981,43,1730,10.0639,1443,60.3441,43,1741,10.0777,1506
120,3,3,6,45,48,98.6668,43,1852,11.8807,1334,57.985,42,1757,12.031,1573
120,3,3,7,45,49,94.8228,43,1920,11.9614,1516,56.7273,43,1694,12.1636,1444
120,3,3,8,45,50,94.9906,43,1589,11.8912,1329,56.5186,43,1895,11.8841,1415
120,3,3,9,45,51,100.4016,43,1699,10.0532,1400,58.9931,42,1773,10.0718,1573
120,3,4,0,46,42,84.4282,36,1238,10.0498,1094,47.0274,36,1129,12.0043,977
120,3,4,1,46,43,81.5958,36,1358,10.0521,1108,52.4454,36,1207,10.0655,1021
120,3,4,2,46,44,83.9044,36,1358,10.065,1175,47.8354,36,1203,11.9443,1018
120,3,4,3,46,45,82.3866,36,1207,10.0614,1037,50.4967,36,1335,10.0757,1108
120,3,4,4,46,46,86.4533,36,1294,10.0513,1201,49.9895,36,1176,11.9536,975
120,3,4,5,46,47,82.7277,36,1431,10.0661,1079,50.3251,36,1040,10.0784,933
120,3,4,6,46,48,84.5312,36,1205,10.0592,1019,49.9374,36,1008,11.9274,920
120,3,4,7,46,49,85.428,36,1196,10.0526,1111,51.8753,36,1012,10.0668,899
120,3,4,8,46,50,85.3975,36,1294,10.044,1034,52.643,36,1018,10.0684,892
120,3,4,9,46,51,83.0052,36,1488,11.9646,1109,47.3046,36,1015,10.0664,981
120,6,0,0,42,42,100.5177,44,1297,11.8357,1083,56.7387,44,1137,11.8565,980
120,6,0,1,42,43,97.0456,44,1457,11.8112,1316,61.5591,44,1275,10.0834,1015
120,6,0,2,42,44,100.0035,44,1330,10.053,1090,58.6756,44,1346,10.0554,1231
120,6,0,3,42,45,99.5026,44,1245,10.0524,1066,60.2661,44,1280,10.0603,1067
120,6,0,4,42,46,99.0965,44,1246,12.072,1139,58.6148,44,1173,11.7711,1001
120,6,0,5,42,47,98.8515,44,1316,10.0615,1188,59.569,44,1256,10.0674,1063
120,6,0,6,42,48,99.365,44,1283,10.0591,1119,58.8922,44,1285,10.0785,1199
120,6,0,7,42,49,101.8895,44,1402,10.0623,1244,59.2975,44,1223,11.8889,1077
120,6,0,8,42,50,96.825,44,1235,12.0669,1110,57.3825,44,1209,12.0493,1137
120,6,0,9,42,51,100.2664,44,1399,10.0577,1177,61.4762,44,1369,10.079,1157
120,6,1,0,43,42,95.3432,41,1205,10.0696,942,58.5114,41,958,10.0681,718
120,6,1,1,43,43,94.0557,41,1009,10.0468,803,56.2794,41,1046,10.0643,816
120,6,1,2,43,44,94.3317,41,1206,10.0513,893,58.8564,41,1019,10.0682,876
120,6,1,3,43,45,95.7114,41,995,10.0652,854,56.4899,41,1174,10.066,971
120,6,1,4,43,46,95.5712,41,1236,10.0603,886,57.4967,41,1065,10.0667,807
120,6,1,5,43,47,96.6712,41,1199,10.0578,914,58.6128,41,1065,10.0645,851
120,6,1,6,43,48,94.8562,41,1169,10.0599,884,58.0912,41,959,10.0709,771
120,6,1,7,43,49,97.3718,41,1294,12.2327,910,55.0453,41,999,10.0761,830
120,6,1,8,43,50,94.1502,41,1153,10.0556,858,57.3842,41,922,10.0668,732
120,6,1,9,43,51,96.3392,41,1359,11.975,950,55.7901,41,1159,11.9869,976
120,6,2,0,44,42,96.7286,45,1558,11.9712,1169,62.5242,46,1436,10.064,1149
120,6,2,1,44,43,99.0588,45,1642,10.0754,1354,60.9292,45,1481,10.0746,1219
120,6,2,2,44,44,100.0424,45,1468,10.061,1280,65.2881,45,1533,11.9275,1246
120,6,2,3,44,45,97.2826,45,1533,12.1424,1324,62.8893,45,1522,10.0557,1294
120,6,2,4,44,46,99.7846,45,1540,10.0609,1295,59.6583,45,1408,10.0616,1175
120,6,2,5,44,47,98.8513,45,1518,10.0611,1339,58.6536,46,1386,10.0649,1262
120,6,2,6,44,48,98.8144,45,1558,10.0651,1239,65.0397,46,1487,12.1317,1150
120,6,2,7,44,49,103.2026,45,1551,10.0676,1169,64.4839,46,1488,10.0703,1199
120,6,2,8,44,50,97.886,45,1550,10.0609,1263,61.3457,45,1431,10.0813,1207
120,6,2,9,44,51,100.34,45,1492,12.0857,1259,61.4929,46,1587,12.0849,1273
120,6,3,0,45,42,99.0444,42,1762,10.0491,1453,61.6371,42,1366,10.0652,1184
120,6,3,1,45,43,96.3842,42,1685,10.0944,1293,60.3619,42,1392,10.0642,1275
120,6,3,2,45,44,97.3638,42,1674,10.0776,1381,59.4971,42,1594,10.0698,1309
120,6,3,3,45,45,96.1912,42,1808,10.0673,1444,58.9545,42,1435,10.0728,1316
120,6,3,4,45,46,96.8712,42,1554,12.1119,1259,56.3348,42,1692,12.0264,1439
120,6,3,5,45,47,93.6825,42,1794,11.8365,1419,57.8041,42,1565,11.8664,1248
120,6,3,6,45,48,94.3203,42,1542,11.8723,1286,59.241,42,1394,10.0757,1235
120,6,3,7,45,49,93.3546,42,1739,10.0574,1361,55.7806,42,1603,12.0435,1428
120,6,3,8,45,50,90.1134,42,1902,12.1696,1547,56.0077,42,1511,12.1312,1308
120,6,3,9,45,51,96.3829,42,1690,10.0588,1436,60.7098,42,1377,10.07,1218
120,6,4,0,46,42,85.7357,37,1881,12.0937,1685,50.8318,37,1774,12.1058,1549
120,6,4,1,46,43,86.165,38,1641,10.0622,1392,51.867,37,1729,10.0732,1530
120,6,4,2,46,44,88.1514,37,1718,10.0471,1531,53.7118,37,1683,10.0685,1468
120,6,4,3,46,45,83.675,37,1811,12.1509,1598,50.0234,38,1649,10.0664,1535
120,6,4,4,46,46,88.7938,37,1947,10.0551,1702,55.3097,37,1766,10.066,1484
120,6,4,5,46,47,89.936,38,1822,10.0582,1628,51.8763,37,1583,10.0682,1462
120,6,4,6,46,48,85.2143,37,1824,12.0804,1649,53.117,37,1604,12.0394,1433
120,6,4,7,46,49,87.0019,37,1943,10.0471,1765,53.6057,37,1711,10.0634,1604
120,6,4,8,46,50,88.3656,38,1732,10.055,1538,57.1216,37,1786,10.0617,1564
120,6,4,9,46,51,90.9992,38,1714,10.0551,1439,57.6301,37,1817,10.0717,1490
