n_of_job,iteration,seed,RKGA_P1_time,RKGA_P1_bin,RKGA_P1_fitness,RKGA_P2_time,RKGA_P2_fitness,BRKGA_P1_time,BRKGA_P1_bin,BRKGA_P1_fitness,BRKGA_P2_time,BRKGA_P2_fitness,OBRKGA_P1_time,OBRKGA_P1_bin,OBRKGA_P1_fitness,OBRKGA_P2_time,OBRKGA_P2_fitness,OBRKGA_CP_time,OBRKGA_CP_fitness,min_value,RKGA,BRKGA,OBRKGA,O+CP,,,,,
30,1,42,3.7062,12,77,0.7639,75,3.5071,12,77,0.7122,75,3.6666,12,77,0.7361,75,8.4179,73,73,2.739726027,2.739726027,2.739726027,0,avg,2.659285174,2.750513889,2.641770381,0.326666667
30,2,43,2.8736,12,76,0.8524,71,3.2683,12,76,3.7082,71,3.809,12,76,1.0653,71,2.3145,69,69,2.898550725,2.898550725,2.898550725,0,std,1.941764285,1.971625229,1.895812156,0.653503379
30,3,44,4.1167,15,104,1.012,99,3.7604,15,104,0.931,99,3.7888,15,104,0.9123,99,6.0374,94,94,5.319148936,5.319148936,5.319148936,0,,,,,
30,4,45,5.9799,15,103,0.8963,92,4.1817,15,103,1.2804,93,3.5415,15,103,1.2644,92,10.0734,89,89,3.370786517,4.494382022,3.370786517,0,,,,,
30,5,46,2.6198,10,130,0.6057,125,3.9474,10,127,0.6015,127,5.5413,10,127,0.6335,127,0.8109,127,125,0,1.6,1.6,1.6,,,,,
30,6,47,3.3061,13,201,1.1003,180,3.3798,13,201,0.8039,181,3.1341,13,201,0.827,180,10.0621,183,180,0,0.555555556,0,1.666666667,,,,,
30,7,48,3.3454,11,75,1.1914,67,2.8331,11,75,3.1933,67,3.7146,11,75,0.9508,67,0.5936,63,63,6.349206349,6.349206349,6.349206349,0,,,,,
30,8,49,6.0321,16,184,1.0961,173,3.6767,16,189,1.2603,169,4.9611,16,184,1.2985,170,12.3818,169,169,2.366863905,0,0.591715976,0,,,,,
30,9,50,2.8864,10,88,0.6782,84,2.8299,10,88,0.5757,84,2.7753,10,88,0.6605,84,1.0742,83,83,1.204819277,1.204819277,1.204819277,0,,,,,
30,10,51,4.2034,15,150,1.1775,131,3.9623,15,150,0.9292,131,3.6715,15,150,1.2431,131,12.458,128,128,2.34375,2.34375,2.34375,0,,,,,
60,1,42,22.444,25,470,2.693,435,26.4827,25,464,2.0724,423,32.7537,25,453,2.9618,426,12.5112,410,410,6.097560976,3.170731707,3.902439024,0,,9.316585492,4.574978981,3.788573456,1.732869942
60,2,43,16.9868,24,296,2.2322,245,32.6528,24,309,3.0733,240,21.1026,24,316,2.5097,241,10.0579,229,229,6.986899563,4.80349345,5.240174672,0,,7.449323674,5.865243099,1.320677053,3.08096291
60,3,44,61.3603,23,360,1.0038,360,33.8447,23,367,2.2043,337,28.3504,23,375,2.0367,326,10.0683,313,313,15.01597444,7.667731629,4.153354633,0,,,,,
60,4,45,28.1037,28,511,1.125,511,35.9159,28,491,2.2449,445,29.8435,28,513,4.1325,433,10.0634,427,427,19.67213115,4.215456674,1.405152225,0,,,,,
60,5,46,16.2892,19,413,2.0123,357,26.6033,19,379,2.2641,327,18.3289,19,382,2.0173,347,12.3162,349,327,9.174311927,0,6.116207951,6.727828746,,,,,
60,6,47,24.4396,25,547,5.6297,470,37.8627,25,529,2.4221,441,37.8057,25,535,4.4636,456,10.0804,442,441,6.575963719,0,3.401360544,0.22675737,,,,,
60,7,48,43.4903,18,233,1.7607,212,26.6008,18,229,2.0101,205,14.8798,18,236,3.2625,213,10.0767,223,205,3.414634146,0,3.902439024,8.780487805,,,,,
60,8,49,35.9806,19,356,2.3192,336,17.2625,19,359,4.0661,331,23.1644,19,356,1.7211,335,12.6864,329,329,2.127659574,0.607902736,1.823708207,0,,,,,
60,9,50,19.0608,21,292,2.3775,251,26.3265,21,289,1.9134,263,23.8845,21,286,1.4142,261,10.0832,255,251,0,4.780876494,3.984063745,1.593625498,,,,,
60,10,51,13.3258,26,426,5.558,345,27.1766,26,393,6.432,335,31.7953,26,370,4.9483,289,10.0766,278,278,24.10071942,20.50359712,3.956834532,0,,,,,
120,1,42,71.9762,44,1572,6.7086,1371,229.6941,44,1195,2.0053,1195,164.4384,44,1160,1.9138,1160,13.3021,1001,1001,36.96303696,19.38061938,15.88411588,0,,35.23229505,8.859482253,9.566763805,1.425582725
120,2,43,105.4227,41,1258,5.5977,1034,140.7839,41,1055,5.0721,841,96.4983,41,1135,5.869,902,10.0681,782,782,32.22506394,7.544757033,15.34526854,0,,7.974340918,7.953771422,4.932734507,3.220522801
120,3,44,44.1225,45,1991,12.4176,1535,60.8111,45,1775,6.5632,1446,70.9481,45,1752,10.8712,1308,10.0698,1216,1216,26.23355263,18.91447368,7.565789474,0,,,,,
120,4,45,120.3927,42,2162,11.3525,1536,205.9754,42,1381,6.7383,1292,167.565,42,1480,6.2434,1296,10.0698,1250,1250,22.88,3.36,3.68,0,,,,,
120,5,46,165.8595,37,2022,3.9438,1776,192.4276,37,1589,9.2518,1432,154.9811,37,1646,6.066,1495,12.3674,1437,1432,24.02234637,0,4.399441341,0.349162011,,,,,
120,6,47,135.0427,44,3323,8.0377,2283,181.13,44,2051,8.044,1801,178.1543,44,1989,6.293,1750,12.7855,1624,1624,40.57881773,10.89901478,7.75862069,0,,,,,
120,7,48,59.5693,37,1452,5.3886,1197,159.6573,37,889,1.5805,889,156.3896,37,991,5.409,880,10.0705,827,827,44.74002418,7.496977025,6.408706167,0,,,,,
120,8,49,69.0139,39,2577,7.8388,1857,138.1211,39,1644,8.7603,1348,159.4881,39,1537,5.774,1412,12.5442,1392,1348,37.75964392,0,4.747774481,3.264094955,,,,,
120,9,50,107.92,42,1897,8.8733,1415,146.313,42,1138,6.9405,996,115.8225,42,1506,7.872,1122,12.353,1102,996,42.06827309,0,12.65060241,10.64257028,,,,,
120,10,51,73.0449,42,1718,5.8319,1421,176.7395,42,1187,1.7993,1187,172.4569,42,1150,2.3447,1150,10.0873,981,981,44.85219164,20.99898063,17.22731906,0,,,,,
